"","SRR1917326.count","SRR1917327.count","SRR1917328.count","SRR1917332.count","SRR1917333.count","SRR1917334.count","SRR1917338.count","SRR1917339.count","SRR1917340.count"
"hsa-let-7a-2-3p",0,0,0,0,0,0,0,0,0
"hsa-let-7a-3p",0,0,0,0,3,3,0,1,2
"hsa-let-7a-5p",0,0,0,0,0,0,0,0,0
"hsa-let-7b-3p",0,0,0,0,0,1,0,0,0
"hsa-let-7b-5p",0,0,0,0,0,0,0,0,0
"hsa-let-7c-3p",0,0,0,0,0,0,0,0,0
"hsa-let-7c-5p",0,0,0,0,0,0,0,0,0
"hsa-let-7d-3p",0,0,0,0,0,0,0,0,0
"hsa-let-7d-5p",0,0,0,0,0,0,0,0,0
"hsa-let-7e-3p",1836,113,534,51,153,383,83,59,217
"hsa-let-7e-5p",146,71,130,55,41,113,109,64,129
"hsa-let-7f-1-3p",0,0,0,0,0,0,0,0,0
"hsa-let-7f-2-3p",93,29,44,67,41,227,74,32,61
"hsa-let-7f-5p",0,0,0,0,0,0,0,2,0
"hsa-let-7g-3p",0,0,0,0,0,0,0,1,0
"hsa-let-7g-5p",0,0,0,4,2,0,0,0,0
"hsa-let-7i-3p",27,5,17,12,8,12,21,11,9
"hsa-let-7i-5p",10,5,1,3,2,2,6,2,3
"hsa-miR-1-3p",48,15,21,21,16,70,34,25,31
"hsa-miR-1-5p",112,33,72,73,39,61,61,48,60
"hsa-miR-100-3p",103,43,61,64,41,31,82,23,52
"hsa-miR-100-5p",43,16,61,14,10,25,22,6,9
"hsa-miR-101-2-5p",0,0,0,1,0,0,0,0,0
"hsa-miR-101-3p",224,33,45,213,62,154,69,54,105
"hsa-miR-101-5p",0,0,0,0,0,0,0,0,0
"hsa-miR-10226",0,0,0,0,0,0,0,0,0
"hsa-miR-10392-3p",0,0,0,0,0,0,0,0,0
"hsa-miR-10392-5p",0,0,0,0,0,0,0,0,0
"hsa-miR-10393-3p",0,0,0,0,0,0,0,0,0
"hsa-miR-10393-5p",2,0,0,0,0,2,0,0,0
"hsa-miR-10394-3p",0,0,0,0,0,0,0,0,0
"hsa-miR-10394-5p",0,0,0,0,0,0,0,0,0
"hsa-miR-10395-3p",0,0,0,0,0,0,0,0,0
"hsa-miR-10395-5p",0,0,0,0,0,1,0,0,0
"hsa-miR-10396a-3p",0,0,0,0,0,0,0,0,0
"hsa-miR-10396a-5p",0,0,0,0,0,0,0,0,0
"hsa-miR-10396b-3p",0,0,0,0,0,0,0,0,0
"hsa-miR-10396b-5p",0,0,0,0,0,0,0,0,0
"hsa-miR-10397-3p",0,0,0,0,0,0,0,0,1
"hsa-miR-10397-5p",0,0,0,1,0,0,0,0,0
"hsa-miR-10398-3p",0,0,0,0,0,0,0,0,0
"hsa-miR-10398-5p",84,40,45,47,31,36,63,19,35
"hsa-miR-10399-3p",0,0,0,0,0,0,0,0,0
"hsa-miR-10399-5p",5,4,13,8,3,1,0,0,3
"hsa-miR-103a-1-5p",0,0,0,0,0,0,0,0,0
"hsa-miR-103a-2-5p",35,13,14,4,15,13,11,18,18
"hsa-miR-103a-3p",0,0,0,0,0,0,0,0,0
"hsa-miR-103b",0,0,0,0,0,0,0,0,0
"hsa-miR-10400-3p",0,0,0,0,0,0,0,0,0
"hsa-miR-10400-5p",0,0,0,0,0,0,0,0,0
"hsa-miR-10401-3p",0,0,0,0,0,0,0,0,0
"hsa-miR-10401-5p",0,0,0,0,0,0,0,0,0
"hsa-miR-105-3p",0,0,0,0,0,0,0,0,0
"hsa-miR-105-5p",0,0,0,0,0,0,0,0,0
"hsa-miR-10522-5p",0,0,0,0,0,0,0,0,0
"hsa-miR-10523-5p",2,0,1,0,1,0,0,0,0
"hsa-miR-10524-5p",0,0,0,0,0,0,0,0,0
"hsa-miR-10525-3p",0,0,0,2,0,0,0,0,0
"hsa-miR-10526-3p",0,0,0,0,0,0,0,0,0
"hsa-miR-10527-5p",0,0,0,0,0,0,1,0,0
"hsa-miR-106a-3p",0,0,0,0,0,0,0,0,0
"hsa-miR-106a-5p",0,0,0,0,0,1,0,0,0
"hsa-miR-106b-3p",0,0,0,0,0,0,0,0,0
"hsa-miR-106b-5p",0,0,0,0,0,0,0,0,0
"hsa-miR-107",12,8,1,9,8,26,12,3,7
"hsa-miR-10a-3p",0,0,0,0,0,0,0,0,0
"hsa-miR-10a-5p",0,0,0,0,0,0,0,0,0
"hsa-miR-10b-3p",0,0,0,0,0,0,0,0,0
"hsa-miR-10b-5p",0,0,0,0,0,0,0,0,0
"hsa-miR-11181-3p",1,0,0,0,0,1,0,0,0
"hsa-miR-11181-5p",0,0,0,0,0,0,0,0,0
"hsa-miR-11399",0,0,0,0,0,0,0,0,0
"hsa-miR-11400",0,0,0,0,0,0,0,0,0
"hsa-miR-11401",0,0,0,0,0,0,0,0,0
"hsa-miR-1178-3p",54,38,90,41,53,57,62,42,53
"hsa-miR-1178-5p",82,16,50,70,46,49,69,35,44
"hsa-miR-1179",0,0,0,0,0,0,0,0,0
"hsa-miR-1180-3p",6,4,10,5,1,8,1,1,2
"hsa-miR-1180-5p",0,0,0,0,1,0,0,1,0
"hsa-miR-1181",0,0,0,0,0,0,0,0,0
"hsa-miR-1182",0,0,0,0,0,0,0,0,0
"hsa-miR-1183",0,0,0,0,0,0,0,0,0
"hsa-miR-1184",0,0,0,0,0,0,0,0,0
"hsa-miR-1185-1-3p",0,0,0,0,0,0,0,0,0
"hsa-miR-1185-2-3p",0,0,0,0,0,0,0,0,0
"hsa-miR-1185-5p",0,0,0,0,0,0,0,0,0
"hsa-miR-1193",0,0,0,0,0,0,0,0,0
"hsa-miR-1197",0,0,0,0,0,0,0,0,0
"hsa-miR-1199-3p",0,0,1,0,0,0,0,0,0
"hsa-miR-1199-5p",0,0,0,0,2,3,0,0,0
"hsa-miR-1200",0,0,0,0,0,0,0,0,0
"hsa-miR-1202",0,0,0,0,0,0,0,0,0
"hsa-miR-1203",0,0,3,0,0,0,0,0,0
"hsa-miR-1204",2,1,3,1,3,1,0,1,3
"hsa-miR-1205",9,8,4,5,2,2,3,1,9
"hsa-miR-1206",0,0,0,0,0,0,0,0,0
"hsa-miR-1207-3p",0,0,0,1,0,0,0,0,0
"hsa-miR-1207-5p",0,0,0,0,0,0,0,0,0
"hsa-miR-1208",0,0,0,0,0,0,0,0,0
"hsa-miR-12113",0,0,0,0,0,0,0,0,0
"hsa-miR-12114",0,0,0,0,0,0,0,0,0
"hsa-miR-12115",214,71,146,139,76,164,113,59,105
"hsa-miR-12116",0,0,0,0,0,0,0,0,0
"hsa-miR-12117",1,0,0,0,0,1,0,0,0
"hsa-miR-12118",0,0,0,0,0,0,0,0,0
"hsa-miR-12119",18,11,12,2,5,43,2,7,8
"hsa-miR-12120",0,0,1,0,1,0,0,0,0
"hsa-miR-12121",0,0,0,0,0,0,0,0,0
"hsa-miR-12122",456,53,105,65,67,307,81,39,90
"hsa-miR-12123",0,0,0,0,0,0,0,0,0
"hsa-miR-12124",2,0,0,2,1,1,0,0,0
"hsa-miR-12125",19,9,13,15,7,16,22,15,6
"hsa-miR-12126",0,0,0,1,0,0,0,0,0
"hsa-miR-12127",0,0,0,0,0,0,1,0,1
"hsa-miR-12128",0,1,0,0,0,0,0,0,0
"hsa-miR-12129",94,46,129,44,50,104,63,36,34
"hsa-miR-12130",0,0,0,0,0,0,0,0,0
"hsa-miR-12131",0,0,0,0,0,0,0,0,0
"hsa-miR-12132",0,0,0,0,0,0,0,0,0
"hsa-miR-12133",0,0,0,0,0,0,0,0,0
"hsa-miR-12135",0,0,0,0,0,0,0,0,0
"hsa-miR-12136",0,0,0,0,0,0,0,0,0
"hsa-miR-122-3p",0,0,1,0,0,0,0,0,0
"hsa-miR-122-5p",0,0,0,0,0,0,0,0,0
"hsa-miR-1224-3p",0,0,0,0,0,0,0,0,0
"hsa-miR-1224-5p",0,0,0,0,0,0,0,0,0
"hsa-miR-1225-3p",0,0,0,0,0,0,0,0,0
"hsa-miR-1225-5p",0,0,0,0,0,0,0,0,0
"hsa-miR-1226-3p",86,38,60,45,44,66,54,48,76
"hsa-miR-1226-5p",172,48,89,112,65,122,99,45,84
"hsa-miR-1227-3p",4,2,2,0,0,1,0,2,0
"hsa-miR-1227-5p",0,0,0,0,0,0,0,0,0
"hsa-miR-1228-3p",22,6,23,8,8,12,6,8,10
"hsa-miR-1228-5p",156,43,92,109,58,91,77,57,61
"hsa-miR-1229-3p",0,0,0,0,0,0,0,0,0
"hsa-miR-1229-5p",0,0,0,0,0,0,0,0,0
"hsa-miR-122b-3p",0,0,0,0,0,0,0,0,0
"hsa-miR-122b-5p",0,0,0,0,0,0,0,0,0
"hsa-miR-1231",34,16,42,24,26,33,34,23,32
"hsa-miR-1233-3p",65,37,113,51,35,59,55,40,52
"hsa-miR-1233-5p",74,46,77,29,37,48,50,40,72
"hsa-miR-1234-3p",0,0,0,0,0,0,0,0,0
"hsa-miR-1236-3p",0,0,0,0,0,0,0,0,0
"hsa-miR-1236-5p",0,0,0,0,0,0,0,0,0
"hsa-miR-1237-3p",0,0,0,0,1,0,0,0,0
"hsa-miR-1237-5p",0,0,0,0,0,0,0,0,0
"hsa-miR-1238-3p",11,1,5,4,1,12,3,0,1
"hsa-miR-1238-5p",6,5,2,2,1,3,0,3,0
"hsa-miR-124-3p",1,1,0,5,0,1,1,0,0
"hsa-miR-124-5p",296,166,149,59,38,222,111,38,68
"hsa-miR-1243",0,0,0,0,0,0,0,0,0
"hsa-miR-1244",2,0,0,0,0,0,0,0,0
"hsa-miR-1245a",0,0,0,0,0,0,0,0,0
"hsa-miR-1245b-3p",0,0,0,0,0,0,0,0,0
"hsa-miR-1245b-5p",0,0,0,0,0,0,0,0,0
"hsa-miR-1246",0,0,0,0,0,0,0,0,0
"hsa-miR-1247-3p",0,0,0,0,0,0,0,0,0
"hsa-miR-1247-5p",0,0,0,0,0,0,0,0,0
"hsa-miR-1248",0,0,0,0,0,0,0,0,0
"hsa-miR-1249-3p",0,0,0,0,0,0,0,0,0
"hsa-miR-1249-5p",0,0,0,0,0,0,0,0,0
"hsa-miR-1250-3p",0,0,0,0,0,0,0,0,0
"hsa-miR-1250-5p",0,0,0,0,0,0,0,0,0
"hsa-miR-1251-3p",0,0,0,0,0,0,0,0,0
"hsa-miR-1251-5p",0,0,0,0,0,0,0,0,0
"hsa-miR-1252-3p",0,0,0,0,0,0,0,0,0
"hsa-miR-1252-5p",0,0,0,0,0,0,0,0,0
"hsa-miR-1253",0,0,4,0,0,0,0,0,0
"hsa-miR-1255a",0,0,0,0,0,0,0,0,0
"hsa-miR-1255b-2-3p",0,0,0,0,0,0,0,0,1
"hsa-miR-1255b-5p",0,0,0,0,0,0,0,0,0
"hsa-miR-1256",0,0,0,0,0,0,0,0,0
"hsa-miR-1257",0,0,0,0,0,0,0,0,0
"hsa-miR-1258",64,42,59,30,28,50,58,38,63
"hsa-miR-125a-3p",1,1,0,1,0,3,1,0,2
"hsa-miR-125a-5p",99,57,105,55,39,77,79,53,87
"hsa-miR-125b-1-3p",0,0,0,0,0,0,0,0,0
"hsa-miR-125b-2-3p",1,0,3,0,0,0,0,0,0
"hsa-miR-125b-5p",0,0,0,0,0,1,0,0,0
"hsa-miR-126-3p",0,0,0,0,0,0,0,0,0
"hsa-miR-126-5p",0,1,0,0,0,0,0,0,0
"hsa-miR-1260a",10,1,4,5,0,23,4,0,3
"hsa-miR-1260b",0,0,0,0,0,0,0,0,0
"hsa-miR-1261",0,0,0,0,0,0,0,0,0
"hsa-miR-1262",0,0,0,0,0,0,0,0,0
"hsa-miR-1263",1,0,0,0,0,0,0,0,0
"hsa-miR-1264",0,0,0,0,0,0,0,0,0
"hsa-miR-1265",5,1,1,0,3,2,2,1,1
"hsa-miR-1266-3p",0,0,0,0,0,0,0,0,0
"hsa-miR-1266-5p",0,0,0,0,0,0,0,0,0
"hsa-miR-1267",0,0,0,0,1,0,0,0,0
"hsa-miR-1268a",0,0,0,0,0,0,0,0,0
"hsa-miR-1268b",0,0,0,0,0,0,0,0,0
"hsa-miR-1269a",0,0,0,0,0,0,0,0,0
"hsa-miR-1269b",0,0,0,0,0,0,0,0,0
"hsa-miR-127-3p",0,0,0,0,0,0,0,0,0
"hsa-miR-127-5p",0,0,0,0,0,0,0,0,0
"hsa-miR-1270",0,0,0,0,0,1,0,0,0
"hsa-miR-1271-3p",0,0,0,0,0,0,0,0,0
"hsa-miR-1271-5p",0,0,0,0,0,1,0,0,0
"hsa-miR-1272",122,14,42,13,7,31,26,11,13
"hsa-miR-1273c",36,16,67,30,29,25,33,12,22
"hsa-miR-1273h-3p",0,0,0,0,0,0,0,0,0
"hsa-miR-1273h-5p",0,0,0,0,0,0,0,0,0
"hsa-miR-1275",0,0,0,0,0,0,0,0,1
"hsa-miR-1276",0,0,0,0,0,0,0,0,0
"hsa-miR-1277-3p",0,0,0,0,0,0,0,0,0
"hsa-miR-1277-5p",0,0,0,0,0,0,0,0,0
"hsa-miR-1278",0,0,0,0,0,0,0,0,0
"hsa-miR-1279",13,3,15,9,0,9,5,6,7
"hsa-miR-128-1-5p",0,1,0,0,0,1,0,0,0
"hsa-miR-128-2-5p",0,0,0,0,0,0,0,0,0
"hsa-miR-128-3p",0,0,0,0,0,0,0,0,0
"hsa-miR-1281",0,0,0,0,0,0,0,0,0
"hsa-miR-1282",0,0,0,0,0,0,0,0,0
"hsa-miR-1283",0,0,0,0,0,0,0,0,0
"hsa-miR-1284",0,0,0,0,0,0,0,0,0
"hsa-miR-1285-3p",181,52,81,98,51,108,70,43,65
"hsa-miR-1285-5p",32,15,58,14,17,33,24,11,14
"hsa-miR-1286",0,0,0,0,0,0,0,0,0
"hsa-miR-1287-3p",0,0,0,0,0,0,0,0,0
"hsa-miR-1287-5p",0,0,0,0,0,0,0,0,0
"hsa-miR-1288-3p",0,0,0,0,0,0,0,0,0
"hsa-miR-1288-5p",0,0,0,0,0,0,0,0,0
"hsa-miR-1289",1,0,0,0,0,0,0,0,0
"hsa-miR-129-1-3p",0,0,0,0,0,0,0,0,0
"hsa-miR-129-2-3p",0,0,0,0,0,0,0,0,0
"hsa-miR-129-5p",61,21,35,36,19,32,44,14,23
"hsa-miR-1290",188,51,137,62,70,172,101,101,152
"hsa-miR-1291",0,0,0,0,0,0,0,0,1
"hsa-miR-1292-3p",0,0,0,0,0,0,0,0,0
"hsa-miR-1292-5p",0,0,0,0,0,0,0,0,0
"hsa-miR-1293",0,0,0,0,0,0,0,0,0
"hsa-miR-1294",0,0,0,0,0,0,0,0,0
"hsa-miR-1295a",0,0,0,0,0,0,0,0,0
"hsa-miR-1295b-3p",0,0,0,0,0,0,0,0,0
"hsa-miR-1295b-5p",0,0,0,0,0,0,0,0,0
"hsa-miR-1296-3p",0,0,0,0,0,0,0,0,0
"hsa-miR-1296-5p",0,0,0,0,0,0,0,0,0
"hsa-miR-1297",0,0,0,0,0,0,0,0,0
"hsa-miR-1298-3p",0,0,0,0,0,0,0,1,0
"hsa-miR-1298-5p",0,0,0,0,0,0,0,0,0
"hsa-miR-1299",0,0,0,0,0,0,0,0,0
"hsa-miR-1301-3p",0,0,0,0,0,0,0,0,0
"hsa-miR-1301-5p",0,0,0,0,0,0,0,0,0
"hsa-miR-1302",42,25,46,37,19,85,43,30,23
"hsa-miR-1303",0,0,0,0,0,1,0,0,0
"hsa-miR-1304-3p",0,0,0,0,0,0,0,0,0
"hsa-miR-1304-5p",0,0,0,0,0,0,0,0,0
"hsa-miR-1305",1,0,0,0,0,0,0,0,0
"hsa-miR-1306-3p",0,0,0,0,0,0,0,0,0
"hsa-miR-1306-5p",0,0,0,0,0,0,0,0,1
"hsa-miR-1307-3p",0,0,0,0,0,0,0,0,0
"hsa-miR-1307-5p",0,0,0,0,0,0,0,0,0
"hsa-miR-130a-3p",0,0,0,1,0,0,0,0,1
"hsa-miR-130a-5p",0,0,0,0,0,0,0,0,0
"hsa-miR-130b-3p",1,0,0,0,0,0,0,0,0
"hsa-miR-130b-5p",0,0,0,0,0,0,0,0,0
"hsa-miR-132-3p",8,5,6,8,4,8,2,1,8
"hsa-miR-132-5p",5,2,0,3,2,1,3,2,4
"hsa-miR-1321",0,0,0,0,0,2,2,4,0
"hsa-miR-1322",0,0,0,0,0,0,0,0,0
"hsa-miR-1323",0,0,0,0,0,0,0,0,0
"hsa-miR-1324",0,0,0,0,0,0,0,0,0
"hsa-miR-133a-3p",2,0,1,1,1,0,1,0,0
"hsa-miR-133a-5p",0,1,0,0,0,1,0,0,0
"hsa-miR-133b",0,0,0,0,1,1,0,3,1
"hsa-miR-134-3p",0,0,0,0,0,0,3,0,0
"hsa-miR-134-5p",0,0,0,0,0,0,0,0,0
"hsa-miR-1343-3p",0,0,0,0,0,0,0,0,0
"hsa-miR-1343-5p",0,0,0,0,0,0,0,0,0
"hsa-miR-135a-2-3p",0,0,0,0,0,0,0,0,0
"hsa-miR-135a-3p",131,68,174,70,55,159,78,37,67
"hsa-miR-135a-5p",76,26,100,42,33,51,55,29,45
"hsa-miR-135b-3p",30,5,0,2,1,8,3,1,7
"hsa-miR-135b-5p",101,38,82,38,45,98,57,45,88
"hsa-miR-136-3p",45,18,24,19,24,22,27,12,20
"hsa-miR-136-5p",122,47,95,66,41,65,74,17,42
"hsa-miR-137-3p",0,0,0,0,0,0,0,0,0
"hsa-miR-137-5p",0,0,0,0,0,0,0,0,0
"hsa-miR-138-1-3p",0,0,0,0,0,0,0,0,0
"hsa-miR-138-2-3p",0,0,0,0,0,0,0,0,0
"hsa-miR-138-5p",0,0,0,0,0,0,0,0,0
"hsa-miR-139-3p",0,0,0,1,0,0,0,0,0
"hsa-miR-139-5p",0,0,0,0,0,0,0,0,0
"hsa-miR-140-3p",1,1,5,0,0,0,0,0,0
"hsa-miR-140-5p",0,0,0,0,0,0,0,0,0
"hsa-miR-141-3p",0,0,0,0,0,0,0,0,0
"hsa-miR-141-5p",0,0,0,0,0,0,0,0,0
"hsa-miR-142-3p",0,0,0,0,0,1,0,0,2
"hsa-miR-142-5p",0,0,0,0,0,0,0,0,0
"hsa-miR-143-3p",0,0,0,0,0,1,0,0,0
"hsa-miR-143-5p",0,0,0,0,0,0,0,0,0
"hsa-miR-144-3p",0,0,0,0,0,0,0,0,0
"hsa-miR-144-5p",0,0,0,0,0,0,0,0,0
"hsa-miR-145-3p",0,0,0,0,0,0,0,0,0
"hsa-miR-145-5p",0,0,0,0,0,0,0,0,0
"hsa-miR-1468-3p",30,7,46,8,18,20,11,13,11
"hsa-miR-1468-5p",4,1,2,4,4,7,0,1,4
"hsa-miR-1469",0,0,0,0,0,0,0,0,0
"hsa-miR-146a-3p",0,0,0,0,0,0,0,0,0
"hsa-miR-146a-5p",0,0,0,0,0,4,0,0,0
"hsa-miR-146b-3p",1,0,0,0,0,0,0,0,0
"hsa-miR-146b-5p",0,0,0,0,1,0,0,0,0
"hsa-miR-1470",100,44,57,46,38,78,70,46,85
"hsa-miR-1471",0,0,0,0,0,0,0,0,0
"hsa-miR-147a",0,0,0,0,0,0,0,0,0
"hsa-miR-147b-3p",0,0,0,0,0,0,0,0,0
"hsa-miR-147b-5p",0,0,0,0,0,0,0,0,0
"hsa-miR-148a-3p",109,38,102,58,38,39,64,18,33
"hsa-miR-148a-5p",11,1,9,5,1,0,5,2,4
"hsa-miR-148b-3p",0,0,0,0,0,0,0,0,0
"hsa-miR-148b-5p",0,1,3,0,0,0,0,0,0
"hsa-miR-149-3p",0,0,0,0,0,0,0,0,0
"hsa-miR-149-5p",0,0,0,0,0,0,0,0,0
"hsa-miR-150-3p",37,26,96,31,21,41,40,20,22
"hsa-miR-150-5p",29,15,49,24,12,14,32,10,27
"hsa-miR-151a-3p",0,0,0,0,0,0,0,0,0
"hsa-miR-151a-5p",0,0,0,0,0,0,0,0,0
"hsa-miR-151b",36,20,100,24,27,25,39,24,39
"hsa-miR-152-3p",0,0,0,0,0,0,0,0,0
"hsa-miR-152-5p",0,0,0,0,0,0,0,0,0
"hsa-miR-153-3p",0,0,0,0,0,0,0,0,0
"hsa-miR-153-5p",0,0,0,0,0,0,0,0,0
"hsa-miR-1537-3p",0,0,0,0,0,0,0,0,0
"hsa-miR-1537-5p",0,0,0,0,0,0,0,0,0
"hsa-miR-1538",0,0,0,0,0,0,0,0,0
"hsa-miR-1539",0,0,0,0,1,0,0,0,0
"hsa-miR-154-3p",0,1,4,0,0,0,3,2,0
"hsa-miR-154-5p",11,6,1,4,1,6,4,8,7
"hsa-miR-155-3p",0,0,0,0,0,0,0,0,0
"hsa-miR-155-5p",0,0,0,0,0,0,0,0,0
"hsa-miR-1587",0,0,0,0,0,0,0,0,0
"hsa-miR-15a-3p",3,0,0,0,0,0,0,0,0
"hsa-miR-15a-5p",0,0,0,0,0,0,0,0,0
"hsa-miR-15b-3p",0,0,0,0,0,0,0,0,0
"hsa-miR-15b-5p",0,0,0,0,0,0,0,0,0
"hsa-miR-16-1-3p",0,0,0,0,0,0,0,0,0
"hsa-miR-16-2-3p",0,0,0,0,0,0,0,0,0
"hsa-miR-16-5p",0,0,0,0,0,0,0,0,0
"hsa-miR-17-3p",0,0,0,0,0,0,0,0,0
"hsa-miR-17-5p",0,0,0,0,0,0,0,0,0
"hsa-miR-181a-2-3p",0,0,0,0,0,0,0,0,0
"hsa-miR-181a-3p",1,0,0,0,0,0,0,0,0
"hsa-miR-181a-5p",1,0,0,0,0,0,0,0,0
"hsa-miR-181b-2-3p",76,27,33,32,24,17,45,13,27
"hsa-miR-181b-3p",0,0,0,0,0,0,0,0,0
"hsa-miR-181b-5p",1,0,0,0,0,0,0,0,0
"hsa-miR-181c-3p",24,5,10,11,10,11,19,8,8
"hsa-miR-181c-5p",263,69,218,89,97,217,140,110,178
"hsa-miR-181d-3p",0,0,0,0,0,0,0,0,0
"hsa-miR-181d-5p",0,0,0,0,0,0,0,0,0
"hsa-miR-182-3p",0,0,0,0,0,0,0,0,0
"hsa-miR-182-5p",0,0,0,0,0,0,0,0,0
"hsa-miR-1825",0,0,0,0,0,0,0,0,0
"hsa-miR-1827",0,0,0,0,0,0,0,0,0
"hsa-miR-183-3p",1276,106,355,47,115,282,64,33,148
"hsa-miR-183-5p",0,0,0,0,0,0,0,0,0
"hsa-miR-184",41,35,91,27,30,51,42,20,33
"hsa-miR-1843",0,0,1,1,0,0,0,0,0
"hsa-miR-185-3p",140,34,76,94,46,83,69,42,70
"hsa-miR-185-5p",12,9,9,2,3,6,11,5,0
"hsa-miR-186-3p",0,0,0,0,0,0,0,0,0
"hsa-miR-186-5p",0,0,0,0,0,0,0,0,0
"hsa-miR-187-3p",0,0,0,0,0,0,0,0,0
"hsa-miR-187-5p",0,0,0,0,0,0,0,0,0
"hsa-miR-188-3p",0,0,0,0,0,0,0,0,0
"hsa-miR-188-5p",0,0,0,0,0,0,0,0,0
"hsa-miR-18a-3p",0,0,0,0,0,0,0,0,0
"hsa-miR-18a-5p",1,0,0,0,0,0,0,0,0
"hsa-miR-18b-3p",0,0,0,0,0,0,0,0,0
"hsa-miR-18b-5p",0,0,0,0,0,0,0,0,0
"hsa-miR-1908-3p",0,0,0,0,0,0,0,0,0
"hsa-miR-1908-5p",0,0,0,0,0,0,0,0,0
"hsa-miR-1909-3p",0,0,0,0,0,0,0,0,0
"hsa-miR-1909-5p",0,2,0,0,0,0,1,0,1
"hsa-miR-190a-3p",0,0,0,0,0,0,0,0,0
"hsa-miR-190a-5p",2,0,1,0,2,0,1,3,0
"hsa-miR-190b-3p",0,0,0,0,0,0,0,0,0
"hsa-miR-190b-5p",0,0,0,0,0,0,0,0,0
"hsa-miR-191-3p",0,0,0,0,0,0,0,0,0
"hsa-miR-191-5p",0,0,0,0,0,0,0,0,0
"hsa-miR-1910-3p",0,0,0,0,0,0,0,0,0
"hsa-miR-1910-5p",0,0,0,0,0,0,0,0,0
"hsa-miR-1911-3p",0,0,0,0,0,0,0,0,0
"hsa-miR-1911-5p",0,0,0,0,0,0,0,0,0
"hsa-miR-1912-3p",1,0,0,0,0,0,0,0,0
"hsa-miR-1912-5p",0,0,0,0,0,0,0,0,0
"hsa-miR-1913",0,0,0,0,2,0,0,0,0
"hsa-miR-1914-3p",0,0,0,0,0,0,0,0,0
"hsa-miR-1914-5p",0,0,0,0,0,0,0,0,0
"hsa-miR-1915-3p",0,0,0,0,0,0,0,0,0
"hsa-miR-1915-5p",0,0,0,0,0,0,0,0,0
"hsa-miR-192-3p",112,62,111,57,51,101,75,58,84
"hsa-miR-192-5p",1,0,1,0,0,0,0,0,1
"hsa-miR-193a-3p",0,0,0,0,0,0,0,0,0
"hsa-miR-193a-5p",0,0,0,0,0,0,0,0,0
"hsa-miR-193b-3p",0,0,0,0,0,0,0,0,0
"hsa-miR-193b-5p",0,0,0,0,0,0,0,0,0
"hsa-miR-194-3p",0,1,0,0,0,0,0,0,0
"hsa-miR-194-5p",30,17,43,28,13,12,31,13,25
"hsa-miR-195-3p",0,1,0,0,0,1,1,4,0
"hsa-miR-195-5p",0,0,0,0,0,0,0,0,0
"hsa-miR-196a-1-3p",0,0,0,0,0,0,0,0,0
"hsa-miR-196a-3p",0,0,0,0,0,0,0,0,0
"hsa-miR-196a-5p",4,3,0,0,0,0,2,1,0
"hsa-miR-196b-3p",0,0,0,0,0,0,0,0,0
"hsa-miR-196b-5p",0,0,0,0,0,0,0,0,0
"hsa-miR-197-3p",43,15,31,12,9,21,19,7,8
"hsa-miR-197-5p",1,0,0,0,0,0,1,0,1
"hsa-miR-1972",0,0,0,0,0,1,0,0,0
"hsa-miR-1976",0,0,0,0,0,0,0,0,0
"hsa-miR-198",0,0,0,0,0,0,0,0,0
"hsa-miR-199a-3p",10,4,12,7,3,5,11,6,1
"hsa-miR-199a-5p",18,7,5,10,4,17,8,10,15
"hsa-miR-199b-3p",0,0,0,0,0,0,0,0,0
"hsa-miR-199b-5p",0,0,0,0,0,0,0,0,0
"hsa-miR-19a-3p",0,0,0,0,0,0,0,0,0
"hsa-miR-19a-5p",0,0,0,0,0,0,0,0,0
"hsa-miR-19b-1-5p",0,0,0,0,0,0,0,0,0
"hsa-miR-19b-2-5p",0,0,0,0,0,0,0,0,0
"hsa-miR-19b-3p",0,0,0,0,0,0,0,0,0
"hsa-miR-200a-3p",1,0,0,0,0,0,0,0,0
"hsa-miR-200a-5p",0,0,0,0,0,0,0,0,0
"hsa-miR-200b-3p",0,0,1,0,0,0,0,0,0
"hsa-miR-200b-5p",0,0,0,0,0,0,0,0,0
"hsa-miR-200c-3p",975,236,182,36,86,261,54,30,129
"hsa-miR-200c-5p",4,2,1,3,0,1,1,0,4
"hsa-miR-202-3p",1,0,0,0,0,0,0,0,0
"hsa-miR-202-5p",0,0,0,0,0,0,0,0,0
"hsa-miR-203a-3p",0,0,0,0,0,0,0,0,1
"hsa-miR-203a-5p",0,0,0,0,0,0,0,0,0
"hsa-miR-203b-3p",5,0,1,4,1,1,1,0,0
"hsa-miR-203b-5p",0,0,0,0,0,0,0,0,0
"hsa-miR-204-3p",0,0,0,0,0,0,0,0,0
"hsa-miR-204-5p",0,0,0,0,0,0,0,0,0
"hsa-miR-205-3p",0,0,0,0,0,0,0,0,0
"hsa-miR-205-5p",0,0,0,0,0,0,0,0,0
"hsa-miR-2052",0,0,0,0,0,0,0,0,0
"hsa-miR-2053",0,0,0,0,0,0,0,0,0
"hsa-miR-2054",1,0,0,0,0,0,0,0,0
"hsa-miR-206",0,0,0,0,0,0,0,0,0
"hsa-miR-208a-3p",0,0,0,0,0,0,0,0,0
"hsa-miR-208a-5p",0,0,0,0,0,0,0,0,0
"hsa-miR-208b-3p",23,14,36,15,3,24,19,5,7
"hsa-miR-208b-5p",10,2,4,1,0,4,0,0,0
"hsa-miR-20a-3p",0,0,0,0,0,0,0,0,0
"hsa-miR-20a-5p",0,0,0,0,0,0,0,0,0
"hsa-miR-20b-3p",0,0,0,0,0,0,5,0,0
"hsa-miR-20b-5p",0,0,0,0,0,0,0,0,0
"hsa-miR-21-3p",0,0,0,0,0,0,0,0,0
"hsa-miR-21-5p",0,0,0,0,0,0,0,0,0
"hsa-miR-210-3p",176,62,23,28,12,51,12,7,16
"hsa-miR-210-5p",1,0,0,2,0,0,0,0,0
"hsa-miR-211-3p",0,0,0,0,0,0,0,0,0
"hsa-miR-211-5p",0,0,0,0,0,0,0,0,0
"hsa-miR-2110",116,54,113,46,41,72,70,51,94
"hsa-miR-2113",0,0,0,0,0,0,0,0,0
"hsa-miR-2114-3p",0,0,0,0,0,0,0,0,0
"hsa-miR-2114-5p",0,0,0,0,0,0,0,0,0
"hsa-miR-2115-3p",0,0,0,0,0,1,0,0,0
"hsa-miR-2115-5p",0,0,0,0,0,0,0,0,0
"hsa-miR-2116-3p",0,0,0,0,0,0,0,0,0
"hsa-miR-2116-5p",0,0,0,0,0,0,0,0,1
"hsa-miR-2117",0,0,0,0,0,0,0,0,0
"hsa-miR-212-3p",0,0,0,0,0,0,0,0,0
"hsa-miR-212-5p",0,0,0,0,0,0,0,0,0
"hsa-miR-214-3p",0,0,0,0,0,0,0,0,0
"hsa-miR-214-5p",0,0,0,0,0,0,0,0,0
"hsa-miR-215-3p",0,0,0,0,0,0,0,0,0
"hsa-miR-215-5p",0,0,0,0,0,0,0,0,0
"hsa-miR-216a-3p",0,0,0,0,0,0,0,0,0
"hsa-miR-216a-5p",0,0,0,0,0,0,0,0,0
"hsa-miR-216b-3p",0,0,0,0,0,3,0,0,0
"hsa-miR-216b-5p",3,0,5,1,1,0,2,0,2
"hsa-miR-217-3p",17,12,20,13,9,8,21,14,28
"hsa-miR-217-5p",28,17,77,26,22,29,25,17,19
"hsa-miR-218-1-3p",0,0,0,0,0,0,0,0,0
"hsa-miR-218-2-3p",0,0,0,0,0,0,0,0,0
"hsa-miR-218-5p",0,0,0,0,0,1,0,0,0
"hsa-miR-219a-1-3p",0,0,0,0,0,0,0,0,3
"hsa-miR-219a-2-3p",10,2,0,4,0,2,4,0,4
"hsa-miR-219a-5p",0,0,0,0,0,0,0,0,0
"hsa-miR-219b-3p",0,0,0,0,0,0,0,0,0
"hsa-miR-219b-5p",0,0,0,0,0,0,0,0,0
"hsa-miR-22-3p",1,0,0,0,0,0,0,3,2
"hsa-miR-22-5p",0,0,0,0,0,0,0,0,0
"hsa-miR-221-3p",34,12,9,4,4,3,18,3,4
"hsa-miR-221-5p",316,100,251,121,129,299,168,148,229
"hsa-miR-222-3p",0,0,0,0,0,0,0,0,0
"hsa-miR-222-5p",0,0,0,0,0,0,0,0,0
"hsa-miR-223-3p",0,0,0,0,0,0,0,0,0
"hsa-miR-223-5p",0,0,0,0,0,0,0,0,0
"hsa-miR-224-3p",0,0,0,0,0,0,0,0,0
"hsa-miR-224-5p",0,0,0,0,0,0,0,0,0
"hsa-miR-2276-3p",0,0,0,0,0,0,0,0,0
"hsa-miR-2276-5p",0,0,0,0,0,0,0,0,0
"hsa-miR-2277-3p",0,0,0,0,0,0,0,0,0
"hsa-miR-2277-5p",0,0,0,0,0,0,0,0,0
"hsa-miR-2278",0,0,0,0,0,0,0,0,0
"hsa-miR-2355-3p",0,0,0,0,0,0,0,0,0
"hsa-miR-2355-5p",0,0,0,0,0,0,0,0,0
"hsa-miR-2392",2,1,0,0,0,0,0,0,0
"hsa-miR-23a-3p",8,6,16,5,1,1,5,1,5
"hsa-miR-23a-5p",76,5,13,5,11,17,13,7,12
"hsa-miR-23b-3p",0,0,0,0,0,0,0,0,0
"hsa-miR-23b-5p",0,0,0,0,0,0,0,0,0
"hsa-miR-23c",23,11,28,2,4,13,5,14,20
"hsa-miR-24-1-5p",0,0,0,0,0,0,0,0,0
"hsa-miR-24-2-5p",23,3,6,4,5,8,8,13,10
"hsa-miR-24-3p",145,69,113,55,57,113,120,69,132
"hsa-miR-2467-3p",0,0,0,0,0,0,0,0,0
"hsa-miR-2467-5p",0,0,0,0,0,0,0,0,0
"hsa-miR-25-3p",51,17,52,18,23,42,22,6,19
"hsa-miR-25-5p",72,28,35,38,20,84,43,19,27
"hsa-miR-2681-3p",0,0,0,0,0,0,0,0,0
"hsa-miR-2681-5p",0,0,0,0,0,0,0,0,0
"hsa-miR-2682-3p",0,0,0,0,0,2,0,0,0
"hsa-miR-2682-5p",0,0,0,0,0,0,0,0,0
"hsa-miR-26a-1-3p",0,0,0,1,0,0,0,0,0
"hsa-miR-26a-2-3p",0,0,4,1,1,2,0,1,0
"hsa-miR-26a-5p",0,0,0,0,0,0,0,0,0
"hsa-miR-26b-3p",0,0,0,0,0,0,0,0,0
"hsa-miR-26b-5p",0,0,0,0,0,0,0,0,0
"hsa-miR-27a-3p",6,1,10,8,5,7,3,5,6
"hsa-miR-27a-5p",0,1,0,0,0,0,0,0,0
"hsa-miR-27b-3p",0,0,0,0,0,0,0,0,0
"hsa-miR-27b-5p",1,0,0,1,0,0,0,1,0
"hsa-miR-28-3p",0,1,0,0,1,0,0,0,0
"hsa-miR-28-5p",1,0,0,0,0,0,0,0,0
"hsa-miR-2861",1,0,0,0,0,0,0,0,0
"hsa-miR-2909",0,0,0,0,0,0,0,0,0
"hsa-miR-296-3p",0,0,0,1,0,0,0,0,0
"hsa-miR-296-5p",0,0,0,0,0,0,0,0,0
"hsa-miR-297",0,0,0,1,0,0,0,0,0
"hsa-miR-298",0,0,0,0,0,0,0,0,0
"hsa-miR-299-3p",0,0,0,0,0,0,0,0,0
"hsa-miR-299-5p",0,1,1,1,0,3,0,0,1
"hsa-miR-29a-3p",12,5,9,7,1,3,9,0,9
"hsa-miR-29a-5p",19,13,12,10,3,21,11,2,3
"hsa-miR-29b-1-5p",187,69,167,82,93,149,122,92,139
"hsa-miR-29b-2-5p",0,0,0,0,0,4,0,0,0
"hsa-miR-29b-3p",91,29,57,61,40,51,60,53,44
"hsa-miR-29c-3p",0,0,0,0,0,0,0,0,0
"hsa-miR-29c-5p",0,0,0,0,0,0,0,0,0
"hsa-miR-300",0,0,0,0,0,0,0,0,0
"hsa-miR-301a-3p",0,0,0,0,0,0,0,0,0
"hsa-miR-301a-5p",25,10,9,18,12,14,26,8,9
"hsa-miR-301b-3p",0,0,0,0,0,0,0,0,0
"hsa-miR-301b-5p",0,0,0,0,0,0,0,0,0
"hsa-miR-302a-3p",0,0,0,0,0,0,0,0,0
"hsa-miR-302a-5p",0,0,0,0,0,0,0,0,0
"hsa-miR-302b-3p",0,0,0,0,0,0,0,0,0
"hsa-miR-302b-5p",0,0,0,0,0,0,0,0,0
"hsa-miR-302c-3p",0,0,0,0,0,0,0,0,0
"hsa-miR-302c-5p",0,0,0,0,0,0,0,0,0
"hsa-miR-302d-3p",0,0,0,0,0,0,0,0,0
"hsa-miR-302d-5p",0,0,0,0,0,0,0,0,0
"hsa-miR-302e",0,0,0,0,0,0,0,0,0
"hsa-miR-302f",49,25,44,14,40,25,24,14,30
"hsa-miR-3059-3p",0,0,0,0,0,0,0,0,0
"hsa-miR-3059-5p",0,0,0,0,0,0,0,0,0
"hsa-miR-3064-3p",0,0,0,0,0,0,0,0,0
"hsa-miR-3064-5p",0,0,0,0,0,0,0,0,0
"hsa-miR-3065-3p",0,0,0,0,0,0,0,0,0
"hsa-miR-3065-5p",0,0,0,0,0,0,0,0,0
"hsa-miR-3074-3p",0,0,0,0,0,0,0,0,0
"hsa-miR-3074-5p",0,0,0,0,0,0,0,0,0
"hsa-miR-3085-3p",0,0,0,0,2,1,0,0,2
"hsa-miR-3085-5p",0,0,0,0,0,0,0,0,0
"hsa-miR-30a-3p",0,0,0,0,0,0,0,0,0
"hsa-miR-30a-5p",0,0,0,0,0,0,0,0,0
"hsa-miR-30b-3p",0,0,0,0,0,0,0,0,0
"hsa-miR-30b-5p",0,0,0,0,0,0,0,0,0
"hsa-miR-30c-1-3p",0,0,0,0,0,1,0,0,0
"hsa-miR-30c-2-3p",0,0,0,0,0,0,0,0,0
"hsa-miR-30c-5p",0,1,0,1,0,0,0,0,0
"hsa-miR-30d-3p",0,0,0,0,0,0,0,0,0
"hsa-miR-30d-5p",0,1,0,0,0,0,0,0,0
"hsa-miR-30e-3p",3,0,0,3,2,3,1,0,0
"hsa-miR-30e-5p",0,0,0,0,0,0,0,0,0
"hsa-miR-31-3p",0,0,0,0,0,0,1,0,0
"hsa-miR-31-5p",7,5,2,0,0,7,2,0,13
"hsa-miR-3115",0,0,0,0,0,0,0,0,0
"hsa-miR-3116",0,0,0,0,0,0,0,0,0
"hsa-miR-3117-3p",0,0,0,1,0,0,0,0,0
"hsa-miR-3117-5p",0,0,0,0,0,0,0,0,0
"hsa-miR-3118",0,0,0,0,0,0,0,0,0
"hsa-miR-3119",0,0,0,0,0,0,0,0,0
"hsa-miR-3120-3p",0,0,0,0,0,0,0,0,0
"hsa-miR-3120-5p",0,0,0,0,0,0,0,0,0
"hsa-miR-3121-3p",1,0,0,2,0,0,0,0,0
"hsa-miR-3121-5p",0,0,0,0,0,0,0,0,0
"hsa-miR-3122",0,0,0,0,0,0,0,0,0
"hsa-miR-3123",0,0,0,0,0,0,0,0,0
"hsa-miR-3124-3p",0,0,0,0,0,0,0,0,0
"hsa-miR-3124-5p",0,0,0,0,0,0,0,1,0
"hsa-miR-3125",0,0,0,0,0,0,0,0,0
"hsa-miR-3126-3p",0,0,0,0,0,0,0,0,0
"hsa-miR-3126-5p",0,0,0,0,0,0,0,0,0
"hsa-miR-3127-3p",0,0,0,0,0,0,4,0,0
"hsa-miR-3127-5p",0,0,0,0,0,0,0,0,0
"hsa-miR-3128",0,0,0,0,0,0,0,0,0
"hsa-miR-3129-3p",0,0,0,0,0,0,0,0,0
"hsa-miR-3129-5p",0,0,0,0,0,0,0,0,0
"hsa-miR-3130-3p",0,0,0,0,0,0,0,0,0
"hsa-miR-3130-5p",0,0,0,0,0,0,0,0,0
"hsa-miR-3131",0,0,0,0,0,0,0,0,0
"hsa-miR-3132",1061,96,350,60,115,273,97,40,145
"hsa-miR-3133",0,0,0,0,0,0,1,0,0
"hsa-miR-3134",11,2,3,5,2,2,7,0,2
"hsa-miR-3135a",2,0,0,0,0,0,0,0,0
"hsa-miR-3135b",2,1,7,1,3,0,1,2,0
"hsa-miR-3136-3p",0,0,0,0,0,0,0,0,0
"hsa-miR-3136-5p",0,0,0,0,0,0,0,0,0
"hsa-miR-3137",5,5,2,1,1,5,7,1,4
"hsa-miR-3138",0,0,0,0,0,0,0,0,0
"hsa-miR-3139",1,0,0,0,0,0,0,2,0
"hsa-miR-3140-3p",0,0,0,0,0,0,0,0,0
"hsa-miR-3140-5p",0,0,0,0,0,0,0,0,0
"hsa-miR-3141",0,0,0,0,0,0,0,0,0
"hsa-miR-3142",0,0,0,0,0,0,0,0,0
"hsa-miR-3143",0,0,0,0,0,0,0,0,0
"hsa-miR-3144-3p",0,0,0,0,0,0,0,0,0
"hsa-miR-3144-5p",0,0,0,0,0,0,0,0,0
"hsa-miR-3145-3p",0,0,0,0,0,0,0,0,0
"hsa-miR-3145-5p",0,0,0,0,0,0,0,0,0
"hsa-miR-3146",0,0,0,0,0,0,0,0,0
"hsa-miR-3147",0,0,0,0,0,0,0,0,0
"hsa-miR-3148",0,0,0,0,0,0,0,0,0
"hsa-miR-3149",0,0,0,0,0,0,0,0,0
"hsa-miR-3150a-3p",0,0,0,0,0,0,0,0,0
"hsa-miR-3150a-5p",0,0,0,0,0,0,0,0,0
"hsa-miR-3150b-3p",0,0,0,0,0,0,0,0,0
"hsa-miR-3150b-5p",0,0,0,0,0,0,0,0,0
"hsa-miR-3151-3p",0,0,0,0,0,0,0,0,0
"hsa-miR-3151-5p",0,0,0,0,0,0,0,0,0
"hsa-miR-3152-3p",0,0,0,0,0,0,0,0,0
"hsa-miR-3152-5p",0,0,0,0,0,0,0,0,0
"hsa-miR-3153",0,0,0,0,0,0,0,0,0
"hsa-miR-3154",0,1,0,6,8,4,0,2,6
"hsa-miR-3155a",0,0,0,0,0,0,0,0,0
"hsa-miR-3155b",0,0,0,0,0,0,0,0,0
"hsa-miR-3156-3p",0,0,0,0,0,1,0,0,0
"hsa-miR-3156-5p",0,0,0,0,0,0,0,0,0
"hsa-miR-3157-3p",0,0,0,0,0,0,0,0,0
"hsa-miR-3157-5p",1,1,0,0,0,1,0,0,0
"hsa-miR-3158-3p",1,0,0,0,0,0,0,0,0
"hsa-miR-3158-5p",0,0,0,0,0,0,0,0,0
"hsa-miR-3159",0,0,0,0,0,0,0,0,0
"hsa-miR-3160-3p",0,0,0,0,0,0,0,0,0
"hsa-miR-3160-5p",0,0,0,0,0,0,0,0,0
"hsa-miR-3161",31,12,47,14,8,19,12,5,10
"hsa-miR-3162-3p",0,0,0,0,0,0,0,0,0
"hsa-miR-3162-5p",1,0,0,0,0,0,0,0,0
"hsa-miR-3163",31,11,26,27,11,16,20,5,16
"hsa-miR-3164",0,0,0,0,0,0,0,0,0
"hsa-miR-3165",0,0,0,0,0,0,0,0,0
"hsa-miR-3166",0,0,0,0,0,0,0,0,0
"hsa-miR-3167",0,0,0,0,0,0,0,0,0
"hsa-miR-3168",79,28,25,31,22,37,37,36,34
"hsa-miR-3169",0,0,0,0,0,0,0,0,0
"hsa-miR-3170",0,0,0,0,0,0,0,0,0
"hsa-miR-3171",0,0,0,0,1,0,0,0,0
"hsa-miR-3173-3p",30,7,22,17,8,7,11,6,9
"hsa-miR-3173-5p",52,18,28,38,19,19,46,12,23
"hsa-miR-3174",0,0,0,0,0,0,0,0,0
"hsa-miR-3175",0,0,0,0,0,0,0,0,0
"hsa-miR-3176",0,0,0,0,0,0,0,0,0
"hsa-miR-3177-3p",2,1,1,0,0,1,1,0,0
"hsa-miR-3177-5p",0,0,0,0,0,0,0,0,0
"hsa-miR-3178",0,0,0,0,0,0,0,0,0
"hsa-miR-3179",258,84,153,111,85,205,156,79,175
"hsa-miR-3180",0,1,0,0,0,0,0,0,1
"hsa-miR-3180-3p",224,59,138,138,73,124,112,63,96
"hsa-miR-3180-5p",108,43,166,53,60,87,61,66,87
"hsa-miR-3181",0,0,0,0,0,0,0,0,0
"hsa-miR-3182",0,0,0,0,0,0,0,0,0
"hsa-miR-3183",0,0,0,0,0,0,0,0,0
"hsa-miR-3184-3p",0,0,0,0,0,0,0,0,0
"hsa-miR-3184-5p",0,0,0,0,0,0,0,0,0
"hsa-miR-3185",221,70,170,100,95,218,144,115,201
"hsa-miR-3186-3p",0,0,0,0,0,0,0,0,0
"hsa-miR-3186-5p",0,0,0,0,0,0,0,0,0
"hsa-miR-3187-3p",102,64,36,8,3,35,37,22,23
"hsa-miR-3187-5p",3,2,0,0,0,0,1,0,11
"hsa-miR-3188",14,9,5,11,11,6,18,2,10
"hsa-miR-3189-3p",0,0,0,0,0,0,0,0,0
"hsa-miR-3189-5p",0,0,0,0,0,0,0,0,0
"hsa-miR-3190-3p",0,0,0,0,0,0,0,0,0
"hsa-miR-3190-5p",0,0,0,0,0,0,0,0,0
"hsa-miR-3191-3p",0,0,0,0,0,0,0,0,0
"hsa-miR-3191-5p",0,0,0,0,0,0,0,0,0
"hsa-miR-3192-3p",0,0,0,0,0,0,0,0,0
"hsa-miR-3192-5p",0,0,0,0,0,0,0,0,0
"hsa-miR-3193",0,0,0,0,0,0,0,0,0
"hsa-miR-3194-3p",0,0,0,0,0,0,0,0,0
"hsa-miR-3194-5p",0,0,0,0,0,0,0,0,0
"hsa-miR-3195",0,2,0,0,1,0,0,0,1
"hsa-miR-3196",0,0,0,0,0,0,0,0,0
"hsa-miR-3197",0,0,0,0,0,0,0,0,0
"hsa-miR-3198",64,32,32,32,29,25,59,16,34
"hsa-miR-3199",0,0,0,0,0,0,0,0,0
"hsa-miR-32-3p",0,0,0,0,0,0,0,0,0
"hsa-miR-32-5p",0,0,0,0,0,0,0,0,0
"hsa-miR-3200-3p",0,0,0,0,0,0,0,0,0
"hsa-miR-3200-5p",0,0,0,0,0,0,0,0,0
"hsa-miR-3201",0,0,0,0,0,0,0,0,0
"hsa-miR-3202",0,0,0,0,0,0,0,0,0
"hsa-miR-320a-3p",0,0,0,0,0,0,0,0,0
"hsa-miR-320a-5p",0,0,0,0,0,0,0,0,0
"hsa-miR-320b",2,0,0,0,0,0,0,0,0
"hsa-miR-320c",0,0,0,1,0,0,0,0,0
"hsa-miR-320d",0,0,0,0,0,0,0,0,0
"hsa-miR-320e",0,0,0,0,0,0,0,0,0
"hsa-miR-323a-3p",0,0,0,0,0,0,0,0,0
"hsa-miR-323a-5p",0,0,0,0,0,0,0,0,0
"hsa-miR-323b-3p",0,0,0,0,0,0,0,0,0
"hsa-miR-323b-5p",0,0,0,0,0,0,0,0,0
"hsa-miR-324-3p",43,27,72,15,25,28,36,18,28
"hsa-miR-324-5p",36,18,31,18,19,19,19,12,13
"hsa-miR-325",0,0,0,0,0,0,0,0,0
"hsa-miR-326",0,0,0,0,0,0,0,0,0
"hsa-miR-328-3p",1,0,0,0,0,0,0,0,0
"hsa-miR-328-5p",6,1,7,3,5,6,1,0,0
"hsa-miR-329-3p",0,0,0,0,0,0,0,0,0
"hsa-miR-329-5p",0,0,0,0,0,0,0,0,0
"hsa-miR-330-3p",0,0,0,0,0,1,0,0,0
"hsa-miR-330-5p",805,69,211,25,72,184,41,22,96
"hsa-miR-331-3p",9,11,10,5,0,1,2,0,7
"hsa-miR-331-5p",0,0,0,0,0,0,0,0,0
"hsa-miR-335-3p",0,0,0,0,0,0,0,0,0
"hsa-miR-335-5p",0,0,0,0,0,0,0,0,0
"hsa-miR-337-3p",0,0,0,0,0,0,0,0,0
"hsa-miR-337-5p",0,0,0,0,0,0,0,0,0
"hsa-miR-338-3p",0,0,0,0,0,0,0,0,0
"hsa-miR-338-5p",0,0,0,0,0,0,0,0,0
"hsa-miR-339-3p",0,0,0,0,0,0,0,0,1
"hsa-miR-339-5p",0,0,0,0,0,0,0,0,0
"hsa-miR-33a-3p",4,2,3,3,1,0,0,0,2
"hsa-miR-33a-5p",76,1,3,4,0,4,2,2,2
"hsa-miR-33b-3p",0,0,0,0,0,0,0,0,0
"hsa-miR-33b-5p",0,2,0,0,0,0,1,0,0
"hsa-miR-340-3p",0,0,0,0,0,0,0,0,0
"hsa-miR-340-5p",1,0,0,0,0,0,0,0,0
"hsa-miR-342-3p",0,0,0,0,0,0,0,0,0
"hsa-miR-342-5p",5,3,10,1,1,0,2,0,0
"hsa-miR-345-3p",0,0,0,0,0,0,0,0,0
"hsa-miR-345-5p",0,0,0,0,0,0,0,0,0
"hsa-miR-346",0,0,0,0,0,0,0,0,0
"hsa-miR-34a-3p",0,0,0,0,0,0,0,0,0
"hsa-miR-34a-5p",0,0,0,0,0,0,0,0,0
"hsa-miR-34b-3p",1,0,0,0,0,0,0,0,0
"hsa-miR-34b-5p",0,0,0,0,0,0,0,0,0
"hsa-miR-34c-3p",0,0,0,0,0,0,0,0,0
"hsa-miR-34c-5p",0,0,0,0,0,0,0,0,0
"hsa-miR-3529-3p",0,0,0,0,0,0,0,0,0
"hsa-miR-3529-5p",0,0,0,0,0,0,0,0,0
"hsa-miR-3605-3p",0,0,0,0,0,0,0,0,0
"hsa-miR-3605-5p",0,0,0,0,0,0,0,0,0
"hsa-miR-3606-3p",2,1,0,0,0,0,0,0,0
"hsa-miR-3606-5p",0,0,0,0,0,0,0,0,0
"hsa-miR-3609",0,0,0,0,0,0,0,0,0
"hsa-miR-361-3p",0,0,0,0,0,0,2,0,0
"hsa-miR-361-5p",0,0,0,0,0,0,0,0,0
"hsa-miR-3610",0,0,0,0,0,0,0,0,0
"hsa-miR-3611",0,0,0,0,0,0,0,0,0
"hsa-miR-3612",0,0,0,0,0,0,0,0,0
"hsa-miR-3613-3p",17,10,8,13,9,15,20,6,8
"hsa-miR-3613-5p",20,3,12,8,2,4,3,1,2
"hsa-miR-3614-3p",0,0,0,0,0,0,0,0,0
"hsa-miR-3614-5p",0,0,0,0,0,0,0,0,0
"hsa-miR-3615",28,12,15,8,9,11,14,10,33
"hsa-miR-3616-3p",0,0,0,0,0,0,0,0,0
"hsa-miR-3616-5p",0,0,0,0,0,0,0,0,0
"hsa-miR-3617-3p",0,0,0,2,0,2,0,0,0
"hsa-miR-3617-5p",8,3,9,6,7,7,0,5,3
"hsa-miR-3618",0,0,0,0,0,0,0,0,0
"hsa-miR-3619-3p",78,43,89,35,38,103,58,25,46
"hsa-miR-3619-5p",15,5,36,7,12,10,22,11,10
"hsa-miR-362-3p",0,0,0,0,0,0,0,0,0
"hsa-miR-362-5p",0,0,0,0,0,0,0,0,0
"hsa-miR-3620-3p",6,2,8,9,4,4,1,2,4
"hsa-miR-3620-5p",4,3,6,5,4,6,5,1,1
"hsa-miR-3621",0,0,0,0,0,0,0,0,0
"hsa-miR-3622a-3p",0,0,0,0,0,0,0,0,0
"hsa-miR-3622a-5p",0,0,0,0,0,0,0,0,0
"hsa-miR-3622b-3p",0,0,0,0,0,0,0,0,0
"hsa-miR-3622b-5p",0,0,0,0,0,0,0,0,0
"hsa-miR-363-3p",0,0,0,0,0,0,0,0,0
"hsa-miR-363-5p",0,0,0,0,0,0,0,0,0
"hsa-miR-3646",0,0,0,0,0,0,0,0,0
"hsa-miR-3648",0,0,0,0,0,0,0,0,0
"hsa-miR-3649",0,0,2,0,0,0,0,0,0
"hsa-miR-3650",0,0,0,0,0,0,0,0,0
"hsa-miR-3651",0,0,0,0,0,0,0,0,0
"hsa-miR-3652",0,0,0,0,0,0,0,0,0
"hsa-miR-3654",0,0,0,0,0,0,0,0,0
"hsa-miR-3655",28,16,26,7,8,12,23,4,17
"hsa-miR-3657",0,0,0,0,0,1,0,0,0
"hsa-miR-3658",0,0,0,0,0,0,0,0,0
"hsa-miR-3659",53,13,22,12,14,67,24,4,12
"hsa-miR-365a-3p",0,0,0,0,0,0,0,0,0
"hsa-miR-365a-5p",0,1,0,0,0,0,0,0,2
"hsa-miR-365b-3p",0,0,0,0,0,1,2,0,0
"hsa-miR-365b-5p",0,0,0,0,0,0,0,0,0
"hsa-miR-3660",0,0,0,0,0,0,0,0,0
"hsa-miR-3661",6,1,11,8,2,10,7,3,4
"hsa-miR-3662",0,0,0,0,0,0,0,0,0
"hsa-miR-3663-3p",214,57,116,129,72,141,125,62,96
"hsa-miR-3663-5p",78,25,54,49,19,33,46,26,36
"hsa-miR-3664-3p",0,0,0,0,0,0,0,0,0
"hsa-miR-3664-5p",0,0,0,0,0,2,0,0,0
"hsa-miR-3665",0,0,0,0,0,0,0,0,0
"hsa-miR-3666",0,0,0,0,0,0,0,0,0
"hsa-miR-3667-3p",0,0,0,0,0,0,0,0,0
"hsa-miR-3667-5p",0,0,0,0,0,0,0,0,0
"hsa-miR-3668",0,0,0,0,0,0,0,0,0
"hsa-miR-367-3p",0,0,0,0,0,0,0,0,0
"hsa-miR-367-5p",0,0,0,0,0,0,0,0,0
"hsa-miR-3670",135,42,72,62,36,90,69,15,36
"hsa-miR-3671",0,0,0,0,0,0,0,0,0
"hsa-miR-3672",0,0,0,0,0,0,0,0,0
"hsa-miR-3674",0,0,0,0,0,0,0,0,0
"hsa-miR-3675-3p",6,4,0,3,1,2,0,0,0
"hsa-miR-3675-5p",0,0,0,0,0,0,0,0,0
"hsa-miR-3677-3p",0,0,0,0,0,0,0,0,0
"hsa-miR-3677-5p",0,0,0,0,0,0,0,0,0
"hsa-miR-3678-3p",0,0,0,0,0,0,0,0,1
"hsa-miR-3678-5p",0,0,0,0,0,0,0,0,0
"hsa-miR-3679-3p",0,0,0,0,0,0,0,0,0
"hsa-miR-3679-5p",0,0,0,0,0,0,0,0,0
"hsa-miR-3680-3p",171,88,231,97,80,247,112,51,89
"hsa-miR-3680-5p",26,12,49,13,6,14,17,17,17
"hsa-miR-3681-3p",0,0,0,0,0,0,0,0,0
"hsa-miR-3681-5p",0,0,0,0,0,0,0,0,0
"hsa-miR-3682-3p",0,0,0,0,0,0,0,0,0
"hsa-miR-3682-5p",0,0,0,0,0,0,0,0,0
"hsa-miR-3683",0,0,0,0,0,0,0,0,0
"hsa-miR-3684",0,0,0,0,0,0,0,0,0
"hsa-miR-3685",0,0,0,0,0,0,0,0,0
"hsa-miR-3686",0,0,0,0,0,0,0,0,0
"hsa-miR-3688-3p",0,0,0,0,0,0,0,0,0
"hsa-miR-3688-5p",0,0,0,0,0,0,0,0,0
"hsa-miR-3689a-3p",0,0,0,0,0,0,0,0,0
"hsa-miR-3689a-5p",0,0,0,0,0,0,0,0,0
"hsa-miR-3689b-3p",0,0,0,0,0,0,0,0,0
"hsa-miR-3689b-5p",0,0,0,0,0,0,0,0,0
"hsa-miR-3689c",10,4,13,8,13,9,13,6,4
"hsa-miR-3689d",0,0,0,0,0,0,0,0,0
"hsa-miR-3689e",0,0,0,0,0,0,0,0,0
"hsa-miR-3689f",0,0,0,0,0,0,0,0,0
"hsa-miR-369-3p",0,0,0,0,0,0,0,0,0
"hsa-miR-369-5p",0,0,0,0,0,0,0,0,0
"hsa-miR-3690",0,0,0,0,0,0,0,0,0
"hsa-miR-3691-3p",0,0,0,0,2,0,0,0,0
"hsa-miR-3691-5p",0,0,0,0,0,0,0,0,0
"hsa-miR-3692-3p",0,0,0,0,0,0,0,0,0
"hsa-miR-3692-5p",0,0,0,0,0,0,0,0,0
"hsa-miR-370-3p",0,0,0,0,0,0,0,0,0
"hsa-miR-370-5p",0,0,0,0,0,0,0,0,0
"hsa-miR-3714",0,0,0,0,0,0,0,0,0
"hsa-miR-371a-3p",0,0,0,0,0,0,0,0,0
"hsa-miR-371a-5p",0,0,0,0,0,0,0,0,0
"hsa-miR-371b-3p",0,0,0,0,0,0,0,0,0
"hsa-miR-371b-5p",0,0,0,0,0,0,0,0,0
"hsa-miR-372-3p",0,1,0,0,0,0,0,0,0
"hsa-miR-372-5p",0,0,0,0,0,0,0,0,0
"hsa-miR-373-3p",0,0,0,0,0,1,0,0,0
"hsa-miR-373-5p",0,0,0,0,0,0,0,0,0
"hsa-miR-374a-3p",0,0,0,0,1,1,1,0,0
"hsa-miR-374a-5p",16,4,4,5,8,4,3,0,8
"hsa-miR-374b-3p",0,1,0,0,0,0,0,0,0
"hsa-miR-374b-5p",0,0,0,0,0,0,0,0,0
"hsa-miR-374c-3p",0,0,0,0,0,0,0,0,0
"hsa-miR-374c-5p",0,0,0,0,0,0,0,0,0
"hsa-miR-375-3p",0,0,0,0,0,0,0,0,0
"hsa-miR-375-5p",0,0,0,0,0,0,0,0,0
"hsa-miR-376a-2-5p",1,0,0,0,0,0,0,0,0
"hsa-miR-376a-3p",0,1,0,0,0,0,0,0,0
"hsa-miR-376a-5p",0,0,0,0,0,0,0,0,0
"hsa-miR-376b-3p",0,0,0,0,0,0,0,0,0
"hsa-miR-376b-5p",0,0,0,0,0,0,0,0,0
"hsa-miR-376c-3p",0,0,0,0,0,0,0,0,0
"hsa-miR-376c-5p",0,0,0,0,0,0,0,0,0
"hsa-miR-377-3p",0,0,0,0,0,0,0,0,0
"hsa-miR-377-5p",0,0,0,0,0,0,0,0,0
"hsa-miR-378a-3p",0,0,0,0,0,0,0,0,0
"hsa-miR-378a-5p",0,0,0,0,0,0,0,0,0
"hsa-miR-378b",0,0,0,0,0,0,0,0,0
"hsa-miR-378c",0,0,0,0,0,0,0,0,0
"hsa-miR-378d",1,0,0,0,1,0,0,0,2
"hsa-miR-378e",0,0,0,0,0,0,0,0,0
"hsa-miR-378f",0,0,0,0,0,0,0,0,0
"hsa-miR-378h",0,0,0,0,0,0,0,0,0
"hsa-miR-378i",0,0,0,0,0,0,0,0,0
"hsa-miR-378j",56,19,63,29,34,123,27,13,37
"hsa-miR-379-3p",0,0,0,0,0,0,0,0,0
"hsa-miR-379-5p",0,0,0,0,0,0,0,2,0
"hsa-miR-380-3p",0,0,0,0,0,0,1,0,0
"hsa-miR-380-5p",0,0,0,0,0,0,0,0,0
"hsa-miR-381-3p",0,0,0,0,0,0,0,0,0
"hsa-miR-381-5p",0,0,0,0,0,0,0,0,0
"hsa-miR-382-3p",0,0,0,0,0,0,0,0,0
"hsa-miR-382-5p",0,0,0,0,0,0,0,0,0
"hsa-miR-383-3p",8,4,6,4,7,3,4,2,1
"hsa-miR-383-5p",27,7,22,6,15,17,20,8,6
"hsa-miR-384",0,0,0,0,0,0,0,0,0
"hsa-miR-3907",0,0,0,0,0,0,0,0,0
"hsa-miR-3908",0,0,0,0,0,0,0,0,0
"hsa-miR-3909",0,0,0,0,0,0,0,0,0
"hsa-miR-3910",0,0,0,0,0,0,0,0,0
"hsa-miR-3911",0,0,0,0,0,0,0,0,0
"hsa-miR-3912-3p",173,59,94,104,54,88,96,53,62
"hsa-miR-3912-5p",35,13,19,15,11,15,18,4,10
"hsa-miR-3913-3p",0,0,0,0,0,0,0,0,0
"hsa-miR-3913-5p",0,0,0,0,0,0,0,0,0
"hsa-miR-3914",0,0,0,0,0,0,0,0,0
"hsa-miR-3915",0,0,0,0,0,0,0,0,0
"hsa-miR-3916",0,0,0,0,0,0,0,0,0
"hsa-miR-3917",0,0,0,0,0,1,0,0,0
"hsa-miR-3918",0,0,0,0,0,0,0,0,0
"hsa-miR-3919",0,0,0,0,0,0,0,0,0
"hsa-miR-3920",0,0,0,0,0,0,0,0,0
"hsa-miR-3921",0,0,0,0,0,0,0,0,0
"hsa-miR-3922-3p",4,0,2,0,2,3,0,0,1
"hsa-miR-3922-5p",2,0,16,15,6,3,2,0,0
"hsa-miR-3923",0,0,0,0,0,0,0,0,0
"hsa-miR-3924",0,0,0,0,0,0,0,0,0
"hsa-miR-3925-3p",72,38,73,24,48,56,57,34,74
"hsa-miR-3925-5p",26,12,21,21,12,21,16,9,16
"hsa-miR-3926",0,0,0,1,0,4,0,0,0
"hsa-miR-3927-3p",1,1,0,0,0,0,0,0,0
"hsa-miR-3927-5p",0,0,0,0,0,0,0,0,1
"hsa-miR-3928-3p",0,0,0,0,0,0,0,0,0
"hsa-miR-3928-5p",0,0,0,0,0,0,0,0,0
"hsa-miR-3929",103,7,20,3,7,14,4,2,9
"hsa-miR-3934-3p",0,0,0,0,0,0,0,0,0
"hsa-miR-3934-5p",0,0,0,0,0,0,0,0,0
"hsa-miR-3935",2,0,0,0,0,0,0,0,0
"hsa-miR-3936",0,0,0,0,0,0,0,0,0
"hsa-miR-3937",0,0,0,0,0,0,0,0,0
"hsa-miR-3938",0,0,0,0,0,0,0,0,0
"hsa-miR-3939",0,0,0,0,0,0,0,0,0
"hsa-miR-3940-3p",3,2,0,1,1,4,1,0,4
"hsa-miR-3940-5p",0,1,0,0,0,0,0,0,2
"hsa-miR-3941",0,0,0,0,0,0,0,0,0
"hsa-miR-3942-3p",0,0,0,0,0,0,0,0,0
"hsa-miR-3942-5p",0,0,0,0,0,0,0,0,0
"hsa-miR-3943",0,0,0,0,0,0,0,0,0
"hsa-miR-3944-3p",0,0,0,0,0,0,0,0,0
"hsa-miR-3944-5p",0,0,0,0,0,0,0,0,0
"hsa-miR-3945",301,131,267,131,85,238,193,125,198
"hsa-miR-3960",0,0,0,0,0,0,0,0,0
"hsa-miR-3972",0,0,0,0,0,0,0,0,0
"hsa-miR-3973",133,63,125,56,43,110,117,72,116
"hsa-miR-3974",0,0,0,2,0,0,1,2,0
"hsa-miR-3975",0,1,0,0,0,0,0,0,0
"hsa-miR-3976",138,34,13,257,137,491,117,289,269
"hsa-miR-3977",0,0,0,0,0,0,0,0,0
"hsa-miR-3978",0,0,0,0,0,0,0,0,0
"hsa-miR-409-3p",0,0,0,0,0,0,0,0,0
"hsa-miR-409-5p",0,0,0,0,0,0,0,0,0
"hsa-miR-410-3p",1,0,0,0,0,0,0,2,0
"hsa-miR-410-5p",0,0,0,0,0,0,0,0,0
"hsa-miR-411-3p",0,0,0,0,0,0,0,0,0
"hsa-miR-411-5p",0,0,0,0,0,0,0,0,0
"hsa-miR-412-3p",0,0,0,0,0,0,0,0,0
"hsa-miR-412-5p",0,0,0,1,0,0,0,0,0
"hsa-miR-421",21,7,19,4,2,14,3,6,4
"hsa-miR-422a",0,0,0,0,0,0,0,0,0
"hsa-miR-423-3p",0,0,0,0,0,0,0,0,0
"hsa-miR-423-5p",0,0,0,0,0,0,0,0,0
"hsa-miR-424-3p",0,0,0,0,0,0,0,0,0
"hsa-miR-424-5p",1,1,0,0,3,4,1,0,0
"hsa-miR-425-3p",1,0,0,0,0,0,3,3,2
"hsa-miR-425-5p",0,0,0,0,0,0,0,0,0
"hsa-miR-4251",0,0,0,0,0,0,0,0,0
"hsa-miR-4252",21,9,9,4,5,8,5,7,10
"hsa-miR-4253",0,0,0,0,0,0,0,0,0
"hsa-miR-4254",0,0,0,0,0,0,0,0,0
"hsa-miR-4255",0,0,0,0,0,0,0,0,0
"hsa-miR-4256",0,0,0,0,0,0,0,0,0
"hsa-miR-4257",0,0,0,0,0,0,0,0,0
"hsa-miR-4258",0,0,0,0,0,0,0,0,0
"hsa-miR-4259",0,0,0,0,0,0,0,0,0
"hsa-miR-4260",0,0,0,0,0,0,0,0,0
"hsa-miR-4261",0,0,0,0,0,0,0,0,0
"hsa-miR-4262",0,0,0,0,0,0,0,0,0
"hsa-miR-4263",1,1,0,0,0,0,0,0,2
"hsa-miR-4264",0,0,0,0,0,0,0,0,0
"hsa-miR-4265",0,0,0,0,0,0,0,0,0
"hsa-miR-4266",0,0,0,0,0,0,0,0,0
"hsa-miR-4267",0,0,0,0,0,0,0,0,0
"hsa-miR-4268",0,0,0,0,0,1,0,0,0
"hsa-miR-4269",0,0,3,1,0,0,0,0,0
"hsa-miR-4270",9,2,5,4,1,7,5,0,1
"hsa-miR-4271",0,0,0,0,0,0,0,0,0
"hsa-miR-4272",0,0,0,0,0,0,0,0,0
"hsa-miR-4273",0,0,0,0,0,0,0,0,0
"hsa-miR-4274",0,0,0,0,0,0,0,0,0
"hsa-miR-4275",0,0,0,0,1,0,0,5,0
"hsa-miR-4276",0,0,0,0,0,0,0,0,0
"hsa-miR-4277",0,0,0,0,0,0,0,0,0
"hsa-miR-4278",0,0,0,0,0,0,0,0,0
"hsa-miR-4279",0,0,0,0,0,0,0,0,0
"hsa-miR-4280",0,0,0,0,0,1,0,0,0
"hsa-miR-4281",1,0,0,0,0,0,0,0,0
"hsa-miR-4282",0,0,0,0,0,0,0,0,0
"hsa-miR-4283",0,0,0,0,0,0,0,0,0
"hsa-miR-4284",12,1,0,2,0,8,7,7,2
"hsa-miR-4285",28,13,5,10,5,10,16,5,15
"hsa-miR-4286",0,0,0,0,0,0,0,0,0
"hsa-miR-4287",0,0,0,0,0,0,0,0,0
"hsa-miR-4288",0,0,0,0,0,0,0,0,0
"hsa-miR-4289",0,0,0,0,0,0,0,0,0
"hsa-miR-429",1,0,0,0,0,0,0,0,0
"hsa-miR-4290",72,20,38,55,23,43,35,29,36
"hsa-miR-4291",0,0,0,0,0,0,0,0,0
"hsa-miR-4292",8,9,1,15,32,35,29,16,29
"hsa-miR-4293",0,0,0,0,0,0,0,0,0
"hsa-miR-4294",60,19,8,11,7,25,8,27,39
"hsa-miR-4295",0,0,0,0,0,0,0,0,0
"hsa-miR-4296",0,0,0,0,0,0,0,0,0
"hsa-miR-4297",0,0,0,0,0,0,0,0,0
"hsa-miR-4298",0,0,0,0,0,0,0,0,0
"hsa-miR-4299",0,1,0,0,0,0,0,0,0
"hsa-miR-4300",1,0,0,0,0,0,0,0,0
"hsa-miR-4301",0,0,0,0,0,0,0,0,0
"hsa-miR-4302",0,0,0,0,0,0,0,0,0
"hsa-miR-4303",0,0,0,0,0,0,0,0,0
"hsa-miR-4304",0,0,0,0,0,0,0,0,0
"hsa-miR-4305",0,0,0,0,0,0,1,0,0
"hsa-miR-4306",0,0,0,0,0,0,0,0,0
"hsa-miR-4307",0,0,0,0,0,0,0,0,0
"hsa-miR-4308",0,0,0,0,0,0,0,0,0
"hsa-miR-4309",0,0,0,0,0,0,0,0,0
"hsa-miR-431-3p",0,0,0,0,0,0,0,0,0
"hsa-miR-431-5p",0,0,0,0,0,0,0,0,0
"hsa-miR-4310",0,0,0,0,0,0,0,0,1
"hsa-miR-4311",63,22,32,37,19,86,45,16,22
"hsa-miR-4312",0,0,0,0,0,0,0,0,0
"hsa-miR-4313",0,0,0,0,0,0,0,0,0
"hsa-miR-4314",0,0,0,0,0,2,0,0,0
"hsa-miR-4315",8,3,3,11,5,11,3,2,3
"hsa-miR-4316",0,0,0,0,0,0,0,0,0
"hsa-miR-4317",0,0,0,0,0,0,0,0,0
"hsa-miR-4318",1,0,0,0,0,0,0,0,0
"hsa-miR-4319",0,0,0,0,0,0,0,0,0
"hsa-miR-432-3p",49,16,36,18,10,22,34,3,4
"hsa-miR-432-5p",36,10,16,23,8,18,26,20,18
"hsa-miR-4320",0,0,0,0,0,0,0,0,0
"hsa-miR-4321",0,0,0,0,0,0,1,1,0
"hsa-miR-4322",0,0,0,0,0,0,0,0,0
"hsa-miR-4323",0,0,0,0,0,0,0,0,0
"hsa-miR-4324",0,0,0,0,0,0,0,0,0
"hsa-miR-4325",0,0,0,0,0,0,0,0,0
"hsa-miR-4326",0,0,0,0,0,0,0,0,0
"hsa-miR-4327",0,0,0,0,0,0,0,0,0
"hsa-miR-4328",0,0,0,0,1,4,3,0,0
"hsa-miR-4329",0,0,0,0,0,0,0,0,0
"hsa-miR-433-3p",0,0,0,0,0,0,0,0,0
"hsa-miR-433-5p",0,0,0,0,0,0,0,0,0
"hsa-miR-4330",25,17,77,29,24,31,21,10,12
"hsa-miR-4418",0,0,0,0,0,0,0,0,0
"hsa-miR-4420",0,0,0,0,0,0,0,0,0
"hsa-miR-4421",50,24,92,36,26,35,47,26,19
"hsa-miR-4422",43,7,6,9,7,10,7,1,8
"hsa-miR-4423-3p",0,0,0,0,0,0,0,0,0
"hsa-miR-4423-5p",0,0,0,0,0,0,0,0,0
"hsa-miR-4424",0,0,0,0,0,1,0,0,0
"hsa-miR-4425",30,16,52,14,13,11,30,6,23
"hsa-miR-4426",0,0,0,0,0,0,0,0,0
"hsa-miR-4427",0,0,0,0,0,0,0,0,0
"hsa-miR-4428",0,0,0,0,0,0,0,0,0
"hsa-miR-4429",0,0,0,1,0,0,0,0,0
"hsa-miR-4430",0,0,0,0,0,0,0,0,0
"hsa-miR-4431",1,0,0,0,0,0,0,0,0
"hsa-miR-4432",0,0,0,0,0,0,0,0,0
"hsa-miR-4433a-3p",0,0,0,0,0,0,0,0,0
"hsa-miR-4433a-5p",0,0,0,0,0,0,0,0,0
"hsa-miR-4433b-3p",0,0,0,0,0,0,0,0,0
"hsa-miR-4433b-5p",0,0,0,0,0,0,0,0,0
"hsa-miR-4434",0,0,0,0,0,0,0,0,0
"hsa-miR-4435",7,6,15,2,2,3,17,5,4
"hsa-miR-4436a",43,20,18,20,20,21,34,9,16
"hsa-miR-4436b-3p",0,0,0,0,0,0,0,0,0
"hsa-miR-4436b-5p",0,1,0,0,0,0,0,0,0
"hsa-miR-4437",0,0,0,0,0,0,0,0,0
"hsa-miR-4438",0,0,0,0,0,0,0,0,0
"hsa-miR-4439",0,0,0,1,0,0,0,0,0
"hsa-miR-4440",0,0,0,0,0,0,0,0,0
"hsa-miR-4441",0,0,0,0,0,0,0,0,0
"hsa-miR-4442",0,0,0,0,0,0,0,0,0
"hsa-miR-4443",2,4,1,3,0,5,2,0,2
"hsa-miR-4444",1,0,0,0,0,0,0,0,0
"hsa-miR-4445-3p",0,0,0,0,0,0,0,0,0
"hsa-miR-4445-5p",0,0,0,0,0,1,0,0,0
"hsa-miR-4446-3p",0,0,0,0,0,0,0,0,0
"hsa-miR-4446-5p",0,0,0,0,0,0,0,0,0
"hsa-miR-4447",0,0,0,0,0,0,0,0,0
"hsa-miR-4448",0,0,0,0,0,0,0,0,0
"hsa-miR-4449",0,0,0,0,0,0,0,0,0
"hsa-miR-4450",1,0,0,0,0,0,0,0,0
"hsa-miR-4451",0,0,0,0,0,0,0,0,0
"hsa-miR-4452",0,0,0,0,0,0,0,0,0
"hsa-miR-4453",0,1,0,0,0,0,0,0,0
"hsa-miR-4454",2269,1374,1016,449,361,1805,809,356,575
"hsa-miR-4455",0,0,0,0,0,0,0,0,0
"hsa-miR-4457",0,0,0,0,0,0,0,0,0
"hsa-miR-4458",0,0,0,0,0,0,0,0,0
"hsa-miR-4460",0,0,0,0,0,0,0,0,0
"hsa-miR-4462",49,16,42,33,18,26,34,10,14
"hsa-miR-4463",0,0,0,1,0,0,0,0,0
"hsa-miR-4464",0,0,0,0,0,0,0,0,0
"hsa-miR-4465",0,0,0,0,0,0,0,0,0
"hsa-miR-4466",0,0,0,0,0,0,0,0,0
"hsa-miR-4467",0,0,0,0,0,0,0,0,0
"hsa-miR-4468",201,88,192,78,75,160,131,91,149
"hsa-miR-4469",159,71,131,69,57,109,124,75,118
"hsa-miR-4470",0,0,0,0,0,0,0,0,0
"hsa-miR-4471",174,12,47,3,15,38,10,4,24
"hsa-miR-4472",0,0,0,0,0,0,0,0,0
"hsa-miR-4473",41,22,49,11,1,12,16,5,19
"hsa-miR-4474-3p",6,7,1,2,0,1,1,0,7
"hsa-miR-4474-5p",0,0,0,0,0,0,0,0,0
"hsa-miR-4475",0,0,0,0,0,0,0,0,0
"hsa-miR-4476",0,0,0,0,0,0,0,0,0
"hsa-miR-4477a",0,0,0,0,0,0,0,0,0
"hsa-miR-4477b",0,0,0,0,0,0,0,0,0
"hsa-miR-4478",0,0,0,0,0,0,0,0,0
"hsa-miR-4479",0,0,0,0,0,0,0,0,0
"hsa-miR-448",24,8,13,8,6,1,8,3,1
"hsa-miR-4480",0,0,0,0,0,0,0,0,0
"hsa-miR-4481",0,0,0,0,0,0,0,0,0
"hsa-miR-4482-3p",0,0,0,0,0,0,0,0,0
"hsa-miR-4482-5p",0,0,0,0,0,0,0,0,0
"hsa-miR-4483",0,0,0,0,0,0,0,0,0
"hsa-miR-4484",0,0,0,0,0,0,0,0,0
"hsa-miR-4485-3p",0,0,0,0,0,0,0,0,0
"hsa-miR-4485-5p",0,0,0,0,0,0,0,0,0
"hsa-miR-4486",0,0,0,0,0,0,0,0,0
"hsa-miR-4487",0,0,0,0,0,0,0,0,0
"hsa-miR-4488",0,0,0,0,0,0,0,0,0
"hsa-miR-4489",0,0,0,0,0,0,0,0,0
"hsa-miR-4490",0,0,0,0,0,0,0,0,1
"hsa-miR-4491",0,0,0,0,0,0,0,0,0
"hsa-miR-4492",0,0,2,2,0,0,0,0,0
"hsa-miR-4493",0,0,0,0,0,0,0,0,0
"hsa-miR-4494",0,0,0,0,0,0,0,0,0
"hsa-miR-4495",0,0,0,0,0,0,0,0,0
"hsa-miR-4496",0,0,0,0,0,0,0,0,0
"hsa-miR-4497",153,55,83,95,52,100,68,39,81
"hsa-miR-4498",74,24,51,31,23,36,46,11,24
"hsa-miR-4499",30,14,22,29,18,18,44,7,20
"hsa-miR-449a",0,0,0,0,0,0,0,0,0
"hsa-miR-449b-3p",0,0,0,0,0,0,0,0,0
"hsa-miR-449b-5p",0,0,0,0,0,0,0,0,0
"hsa-miR-449c-3p",0,0,0,0,0,0,0,0,0
"hsa-miR-449c-5p",0,0,0,0,0,0,0,0,0
"hsa-miR-4500",0,0,0,0,0,0,0,0,0
"hsa-miR-4501",0,0,0,0,0,0,0,0,0
"hsa-miR-4502",0,0,0,0,0,0,0,0,0
"hsa-miR-4503",0,0,0,0,0,0,0,0,0
"hsa-miR-4504",159,55,123,91,64,272,100,58,78
"hsa-miR-4505",0,0,0,0,0,0,0,0,0
"hsa-miR-4506",0,0,0,0,0,0,0,0,0
"hsa-miR-4507",0,0,0,0,0,0,0,0,0
"hsa-miR-4508",0,0,0,0,0,0,0,0,0
"hsa-miR-4509",2,0,6,3,0,1,4,0,1
"hsa-miR-450a-1-3p",0,1,0,0,0,1,0,1,0
"hsa-miR-450a-2-3p",0,0,0,0,0,0,0,0,0
"hsa-miR-450a-5p",0,0,0,0,0,0,0,0,0
"hsa-miR-450b-3p",0,0,0,0,0,0,0,1,1
"hsa-miR-450b-5p",0,0,0,0,0,0,0,0,0
"hsa-miR-4510",0,0,0,0,0,0,0,0,0
"hsa-miR-4511",76,25,35,37,22,32,54,13,23
"hsa-miR-4512",0,1,0,0,0,1,0,0,2
"hsa-miR-4513",121,45,78,66,44,41,86,25,60
"hsa-miR-4514",0,0,0,0,0,0,0,0,0
"hsa-miR-4515",0,0,0,0,0,0,0,0,1
"hsa-miR-4516",0,0,0,0,0,0,0,0,0
"hsa-miR-4517",276,84,229,108,105,231,138,113,188
"hsa-miR-4518",117,72,138,66,71,131,93,52,84
"hsa-miR-4519",1,0,0,0,0,2,0,0,0
"hsa-miR-451a",0,0,0,0,0,0,0,0,0
"hsa-miR-451b",0,0,0,0,0,0,0,0,0
"hsa-miR-452-3p",0,0,0,0,0,0,0,0,0
"hsa-miR-452-5p",0,0,0,0,0,0,0,0,0
"hsa-miR-4520-2-3p",0,0,0,0,0,0,0,0,0
"hsa-miR-4520-3p",3,0,0,0,0,1,0,3,0
"hsa-miR-4520-5p",0,0,0,0,0,0,0,0,0
"hsa-miR-4521",0,0,0,0,0,0,0,0,0
"hsa-miR-4522",0,0,0,0,1,0,0,0,0
"hsa-miR-4523",0,0,0,0,0,0,0,0,0
"hsa-miR-4524a-3p",0,0,0,0,0,0,0,0,0
"hsa-miR-4524a-5p",0,0,0,0,0,0,0,0,0
"hsa-miR-4524b-3p",0,0,0,0,0,0,0,0,0
"hsa-miR-4524b-5p",0,0,0,0,0,0,0,0,0
"hsa-miR-4525",0,0,0,0,0,0,0,0,0
"hsa-miR-4526",0,0,0,0,0,0,0,0,0
"hsa-miR-4527",0,0,0,0,0,0,0,0,0
"hsa-miR-4528",0,0,0,0,0,0,0,0,0
"hsa-miR-4529-3p",0,0,0,0,0,0,0,0,0
"hsa-miR-4529-5p",0,0,0,0,0,0,0,0,0
"hsa-miR-4530",174,54,71,55,47,133,69,65,106
"hsa-miR-4531",0,1,0,0,0,0,0,0,0
"hsa-miR-4533",0,0,0,0,0,0,0,0,0
"hsa-miR-4534",0,0,0,0,0,0,0,0,0
"hsa-miR-4535",0,0,0,0,0,0,0,0,0
"hsa-miR-4536-3p",0,0,0,0,0,0,0,0,0
"hsa-miR-4536-5p",0,0,0,0,0,0,0,0,0
"hsa-miR-4537",0,0,0,0,0,0,0,0,0
"hsa-miR-4538",0,0,0,0,0,0,0,0,0
"hsa-miR-4539",0,0,0,0,0,0,0,0,0
"hsa-miR-454-3p",5,3,1,0,0,3,1,0,2
"hsa-miR-454-5p",0,0,0,0,0,0,0,0,0
"hsa-miR-4540",0,0,0,0,0,0,0,0,0
"hsa-miR-455-3p",2,1,1,0,0,1,0,0,1
"hsa-miR-455-5p",4,1,0,2,0,2,1,0,1
"hsa-miR-4632-3p",40,11,32,5,9,22,18,12,21
"hsa-miR-4632-5p",5,3,11,4,4,4,8,0,2
"hsa-miR-4633-3p",1,0,0,0,0,0,0,0,0
"hsa-miR-4633-5p",0,0,0,0,0,1,0,0,0
"hsa-miR-4634",0,0,0,0,0,0,0,0,0
"hsa-miR-4635",0,0,0,0,0,0,0,0,0
"hsa-miR-4636",0,0,0,0,0,0,0,0,0
"hsa-miR-4637",0,0,0,0,0,0,0,0,0
"hsa-miR-4638-3p",0,0,0,0,0,0,0,0,0
"hsa-miR-4638-5p",0,0,0,0,0,0,0,0,0
"hsa-miR-4639-3p",0,0,0,0,0,0,0,0,0
"hsa-miR-4639-5p",0,0,0,0,0,0,0,0,0
"hsa-miR-4640-3p",0,1,0,0,0,0,0,0,0
"hsa-miR-4640-5p",0,0,0,0,0,0,0,0,0
"hsa-miR-4641",0,0,0,0,0,0,0,0,0
"hsa-miR-4642",68,28,123,46,35,44,45,28,33
"hsa-miR-4643",0,0,0,0,0,0,0,0,0
"hsa-miR-4644",0,0,0,0,0,0,0,0,0
"hsa-miR-4645-3p",0,0,0,0,0,0,0,0,0
"hsa-miR-4645-5p",0,0,0,0,0,0,0,0,0
"hsa-miR-4646-3p",0,0,0,0,0,0,0,0,0
"hsa-miR-4646-5p",0,0,0,0,0,0,0,0,0
"hsa-miR-4647",0,0,0,0,0,0,0,0,0
"hsa-miR-4648",0,0,0,0,0,0,0,0,0
"hsa-miR-4649-3p",0,0,0,0,0,0,0,0,0
"hsa-miR-4649-5p",0,0,0,0,0,0,0,0,0
"hsa-miR-4650-3p",135,56,105,64,50,52,89,24,56
"hsa-miR-4650-5p",109,41,100,35,50,129,69,51,101
"hsa-miR-4651",0,0,0,0,0,0,0,0,0
"hsa-miR-4652-3p",0,0,0,0,0,0,0,0,0
"hsa-miR-4652-5p",0,0,0,0,0,0,0,0,0
"hsa-miR-4653-3p",2,2,0,0,4,2,0,0,0
"hsa-miR-4653-5p",0,0,0,0,0,0,0,0,0
"hsa-miR-4654",0,0,0,0,0,0,0,0,0
"hsa-miR-4655-3p",0,0,0,0,0,0,0,0,0
"hsa-miR-4655-5p",3,0,0,0,0,2,0,2,1
"hsa-miR-4656",0,0,0,0,0,0,0,0,0
"hsa-miR-4657",0,1,0,0,1,0,0,0,0
"hsa-miR-4658",52,11,35,25,12,87,30,25,30
"hsa-miR-4659a-3p",0,0,0,0,0,0,0,0,0
"hsa-miR-4659a-5p",0,0,0,0,0,0,0,0,0
"hsa-miR-4659b-3p",0,0,0,0,0,0,0,0,0
"hsa-miR-4659b-5p",0,0,0,0,0,0,0,0,0
"hsa-miR-466",0,0,0,0,0,0,0,0,0
"hsa-miR-4660",0,0,0,1,0,1,0,0,0
"hsa-miR-4661-3p",0,0,0,0,0,0,0,0,0
"hsa-miR-4661-5p",0,0,0,0,0,0,0,0,0
"hsa-miR-4662a-3p",0,0,0,0,0,1,0,0,0
"hsa-miR-4662a-5p",0,0,0,0,0,0,0,0,0
"hsa-miR-4662b",0,0,0,0,0,0,0,0,0
"hsa-miR-4663",0,0,0,0,0,0,0,0,0
"hsa-miR-4664-3p",0,0,0,0,0,0,0,0,0
"hsa-miR-4664-5p",0,0,0,0,0,0,0,0,0
"hsa-miR-4665-3p",0,0,0,0,0,0,0,0,0
"hsa-miR-4665-5p",3,0,0,1,0,2,3,0,1
"hsa-miR-4666a-3p",0,0,0,0,0,0,0,0,0
"hsa-miR-4666a-5p",0,0,0,0,0,0,0,0,0
"hsa-miR-4666b",0,0,0,0,0,0,0,0,0
"hsa-miR-4667-3p",0,0,0,0,0,0,0,0,0
"hsa-miR-4667-5p",3,0,0,0,0,0,0,2,0
"hsa-miR-4668-3p",0,0,0,0,0,0,0,0,0
"hsa-miR-4668-5p",1,0,0,0,0,0,0,0,0
"hsa-miR-4669",0,1,0,0,0,1,0,0,1
"hsa-miR-4670-3p",0,0,0,0,0,0,0,0,0
"hsa-miR-4670-5p",0,0,0,0,0,0,0,0,0
"hsa-miR-4671-3p",0,0,0,0,0,0,0,0,0
"hsa-miR-4671-5p",0,0,0,0,0,0,0,0,0
"hsa-miR-4672",120,42,84,59,44,46,81,21,47
"hsa-miR-4673",0,0,0,0,0,0,0,0,0
"hsa-miR-4674",0,0,0,0,0,0,1,0,0
"hsa-miR-4675",0,0,1,2,0,0,0,0,0
"hsa-miR-4676-3p",0,0,0,0,0,0,0,0,0
"hsa-miR-4676-5p",0,0,0,0,0,0,0,0,0
"hsa-miR-4677-3p",0,0,0,0,0,0,0,0,0
"hsa-miR-4677-5p",0,0,0,0,0,0,0,0,0
"hsa-miR-4678",3,3,0,2,1,5,3,4,0
"hsa-miR-4679",0,0,0,0,0,0,0,0,0
"hsa-miR-4680-3p",0,0,0,0,0,0,0,0,0
"hsa-miR-4680-5p",0,0,0,0,0,0,0,0,0
"hsa-miR-4681",1,0,0,0,0,0,0,0,0
"hsa-miR-4682",0,0,0,0,0,0,0,0,0
"hsa-miR-4683",0,0,0,0,0,0,0,0,0
"hsa-miR-4684-3p",0,0,0,0,0,0,0,0,0
"hsa-miR-4684-5p",0,0,0,0,0,0,0,0,0
"hsa-miR-4685-3p",0,0,0,0,0,0,0,0,0
"hsa-miR-4685-5p",1,0,0,0,0,0,0,0,0
"hsa-miR-4686",0,0,0,0,0,0,0,0,0
"hsa-miR-4687-3p",0,0,0,0,1,0,0,0,0
"hsa-miR-4687-5p",0,0,0,0,0,0,0,0,0
"hsa-miR-4688",0,0,0,0,0,0,1,0,0
"hsa-miR-4689",1,0,0,0,0,0,0,0,0
"hsa-miR-4690-3p",2,0,0,0,2,1,4,9,0
"hsa-miR-4690-5p",0,0,0,0,0,0,0,0,0
"hsa-miR-4691-3p",0,0,0,0,0,0,0,0,0
"hsa-miR-4691-5p",0,0,0,0,0,0,0,0,0
"hsa-miR-4692",0,0,0,0,0,0,0,0,0
"hsa-miR-4693-3p",0,0,0,0,0,0,0,0,0
"hsa-miR-4693-5p",0,0,0,0,0,1,0,0,0
"hsa-miR-4694-3p",0,0,0,0,0,0,0,0,0
"hsa-miR-4694-5p",0,0,0,0,0,0,0,0,0
"hsa-miR-4695-3p",0,0,0,0,0,0,0,0,0
"hsa-miR-4695-5p",0,0,0,0,0,0,0,0,0
"hsa-miR-4696",0,1,0,0,0,0,0,0,0
"hsa-miR-4697-3p",0,0,0,0,0,0,0,0,0
"hsa-miR-4697-5p",0,0,0,0,0,0,0,0,0
"hsa-miR-4698",0,0,0,0,0,0,0,0,0
"hsa-miR-4699-3p",0,0,0,0,0,3,0,1,0
"hsa-miR-4699-5p",1300,125,378,51,123,311,67,41,159
"hsa-miR-4700-3p",6,4,11,7,5,6,0,11,3
"hsa-miR-4700-5p",0,1,0,0,0,0,1,2,0
"hsa-miR-4701-3p",0,0,0,0,0,0,0,0,0
"hsa-miR-4701-5p",0,0,0,0,0,0,0,0,0
"hsa-miR-4703-3p",0,0,0,0,0,0,0,0,0
"hsa-miR-4703-5p",0,0,0,0,0,0,0,0,0
"hsa-miR-4704-3p",0,0,0,0,0,0,0,0,0
"hsa-miR-4704-5p",0,0,0,0,0,0,0,0,0
"hsa-miR-4705",50,11,35,43,15,28,32,23,23
"hsa-miR-4706",151,54,107,60,50,63,91,29,50
"hsa-miR-4707-3p",0,0,0,0,0,0,0,0,0
"hsa-miR-4707-5p",0,0,0,0,0,0,0,0,0
"hsa-miR-4708-3p",0,0,0,0,0,1,0,0,0
"hsa-miR-4708-5p",0,0,0,0,0,0,0,0,0
"hsa-miR-4709-3p",2,1,0,0,0,0,0,0,0
"hsa-miR-4709-5p",0,0,0,0,0,0,0,0,0
"hsa-miR-4710",0,0,0,1,0,0,0,0,0
"hsa-miR-4711-3p",0,0,0,0,0,0,0,0,0
"hsa-miR-4711-5p",0,0,0,0,0,0,0,0,0
"hsa-miR-4712-3p",0,0,0,0,0,0,0,0,0
"hsa-miR-4712-5p",0,0,0,0,0,0,0,0,0
"hsa-miR-4713-3p",0,0,0,0,0,0,0,0,0
"hsa-miR-4713-5p",0,0,0,0,0,0,0,0,0
"hsa-miR-4714-3p",0,0,0,0,0,0,0,0,0
"hsa-miR-4714-5p",0,0,0,0,0,0,0,0,0
"hsa-miR-4715-3p",0,0,0,0,0,0,0,0,0
"hsa-miR-4715-5p",0,0,0,0,0,1,0,0,0
"hsa-miR-4716-3p",0,0,0,0,0,0,0,0,0
"hsa-miR-4716-5p",0,0,0,0,0,0,0,0,0
"hsa-miR-4717-3p",13,7,2,2,2,8,7,8,5
"hsa-miR-4717-5p",147,36,81,99,46,100,73,38,68
"hsa-miR-4718",60,29,59,24,24,44,44,31,61
"hsa-miR-4719",0,0,0,0,0,0,0,0,0
"hsa-miR-4720-3p",0,0,0,0,0,0,0,0,0
"hsa-miR-4720-5p",0,0,0,0,0,0,0,0,0
"hsa-miR-4721",0,0,0,0,0,0,0,0,0
"hsa-miR-4722-3p",0,0,0,0,0,0,0,0,0
"hsa-miR-4722-5p",0,0,1,0,0,0,0,0,0
"hsa-miR-4723-3p",0,0,0,0,0,0,0,0,0
"hsa-miR-4723-5p",0,0,0,0,0,0,0,0,0
"hsa-miR-4724-3p",0,0,0,0,0,0,0,0,0
"hsa-miR-4724-5p",0,0,0,0,0,0,0,0,0
"hsa-miR-4725-3p",0,0,0,0,0,0,0,0,0
"hsa-miR-4725-5p",0,0,0,0,0,0,0,0,0
"hsa-miR-4726-3p",0,0,0,0,0,0,0,0,0
"hsa-miR-4726-5p",0,0,0,0,0,0,0,0,0
"hsa-miR-4727-3p",0,0,0,0,0,2,0,0,0
"hsa-miR-4727-5p",0,0,0,0,0,0,0,0,0
"hsa-miR-4728-3p",0,0,0,0,0,0,0,0,0
"hsa-miR-4728-5p",0,0,0,0,0,0,0,0,0
"hsa-miR-4729",0,0,0,0,0,0,0,0,0
"hsa-miR-4730",30,32,24,18,11,20,21,9,28
"hsa-miR-4731-3p",0,0,0,0,0,0,0,0,0
"hsa-miR-4731-5p",0,0,0,0,0,0,0,0,0
"hsa-miR-4732-3p",0,0,0,0,0,0,0,0,0
"hsa-miR-4732-5p",0,0,0,0,0,0,0,0,0
"hsa-miR-4733-3p",0,0,0,0,0,0,0,0,0
"hsa-miR-4733-5p",1,0,0,0,2,1,3,1,1
"hsa-miR-4734",0,1,0,0,1,0,0,0,0
"hsa-miR-4735-3p",0,0,0,0,0,0,0,0,0
"hsa-miR-4735-5p",2,0,1,2,2,2,2,0,2
"hsa-miR-4736",0,0,0,0,0,3,0,0,0
"hsa-miR-4737",0,0,0,0,0,0,0,0,0
"hsa-miR-4738-3p",0,0,0,0,0,0,0,0,0
"hsa-miR-4738-5p",0,0,0,0,0,0,0,0,0
"hsa-miR-4739",62,24,32,31,20,28,45,13,22
"hsa-miR-4740-3p",0,0,0,0,0,0,0,0,0
"hsa-miR-4740-5p",0,0,0,0,0,0,0,0,0
"hsa-miR-4741",0,0,0,0,0,0,0,0,0
"hsa-miR-4742-3p",0,0,0,0,0,0,0,0,0
"hsa-miR-4742-5p",1810,145,533,65,165,419,97,51,210
"hsa-miR-4743-3p",0,0,0,0,0,0,0,0,0
"hsa-miR-4743-5p",0,0,0,0,0,0,0,0,0
"hsa-miR-4744",0,0,0,0,0,0,0,0,0
"hsa-miR-4745-3p",1,1,0,1,0,4,0,0,0
"hsa-miR-4745-5p",4,2,0,0,0,2,5,2,1
"hsa-miR-4746-3p",0,0,0,0,0,0,0,0,0
"hsa-miR-4746-5p",9,3,12,2,4,6,13,9,16
"hsa-miR-4747-3p",0,0,0,0,0,0,0,0,0
"hsa-miR-4747-5p",0,0,0,0,0,0,0,0,0
"hsa-miR-4748",0,0,0,0,0,0,0,0,0
"hsa-miR-4749-3p",0,0,0,0,0,0,0,0,0
"hsa-miR-4749-5p",0,0,0,0,0,0,0,0,0
"hsa-miR-4750-3p",0,0,0,0,0,0,0,0,0
"hsa-miR-4750-5p",0,0,0,0,0,0,0,0,0
"hsa-miR-4751",0,0,0,0,0,0,0,0,0
"hsa-miR-4752",51,25,90,37,29,41,51,26,27
"hsa-miR-4753-3p",0,0,0,0,0,0,0,0,0
"hsa-miR-4753-5p",0,0,0,0,0,0,0,0,0
"hsa-miR-4754",0,0,0,0,0,0,0,0,0
"hsa-miR-4755-3p",0,0,0,0,0,0,0,0,0
"hsa-miR-4755-5p",0,0,0,0,0,0,0,0,0
"hsa-miR-4756-3p",0,0,0,0,0,0,0,0,0
"hsa-miR-4756-5p",0,0,0,0,0,0,0,0,0
"hsa-miR-4757-3p",0,0,0,0,0,0,0,0,0
"hsa-miR-4757-5p",0,0,0,0,0,0,0,0,0
"hsa-miR-4758-3p",0,0,0,0,0,0,0,0,1
"hsa-miR-4758-5p",0,0,0,0,0,0,0,0,0
"hsa-miR-4759",0,0,0,0,0,0,0,0,0
"hsa-miR-4760-3p",32,7,15,13,10,6,21,4,12
"hsa-miR-4760-5p",8,8,11,3,7,1,12,2,13
"hsa-miR-4761-3p",0,0,0,0,0,0,0,0,0
"hsa-miR-4761-5p",0,0,0,0,0,0,0,0,0
"hsa-miR-4762-3p",0,0,0,0,0,0,0,0,0
"hsa-miR-4762-5p",0,0,0,0,0,0,0,0,0
"hsa-miR-4763-3p",0,0,0,0,0,0,0,0,0
"hsa-miR-4763-5p",0,0,0,0,0,0,0,0,0
"hsa-miR-4764-3p",0,1,0,1,0,1,0,0,0
"hsa-miR-4764-5p",0,0,0,0,0,0,0,0,0
"hsa-miR-4765",9,6,12,12,4,1,12,5,8
"hsa-miR-4766-3p",0,0,0,0,0,0,0,0,0
"hsa-miR-4766-5p",0,0,0,0,0,0,0,0,0
"hsa-miR-4767",0,0,0,0,0,0,0,0,0
"hsa-miR-4768-3p",1,0,0,0,0,0,0,0,0
"hsa-miR-4768-5p",0,0,0,0,0,0,0,0,0
"hsa-miR-4769-3p",0,0,0,0,0,0,0,0,0
"hsa-miR-4769-5p",0,0,0,0,0,0,0,0,0
"hsa-miR-4770",0,0,0,0,0,0,0,0,0
"hsa-miR-4771",166,66,113,74,46,107,97,70,125
"hsa-miR-4772-3p",0,0,0,0,0,0,0,0,0
"hsa-miR-4772-5p",0,0,0,0,0,1,0,0,0
"hsa-miR-4773",0,0,0,0,0,1,0,0,0
"hsa-miR-4774-3p",0,0,0,0,0,0,0,0,0
"hsa-miR-4774-5p",0,0,0,0,0,0,0,0,0
"hsa-miR-4775",0,0,0,0,0,0,0,0,0
"hsa-miR-4776-3p",0,0,0,0,0,0,0,0,0
"hsa-miR-4776-5p",0,0,0,0,0,0,0,0,0
"hsa-miR-4777-3p",0,1,0,0,0,0,0,0,0
"hsa-miR-4777-5p",0,0,0,0,0,0,0,0,0
"hsa-miR-4778-3p",0,0,0,0,0,0,0,0,0
"hsa-miR-4778-5p",7,2,1,6,3,10,1,1,0
"hsa-miR-4779",1,1,0,5,0,1,0,0,2
"hsa-miR-4780",0,0,0,0,0,0,0,0,0
"hsa-miR-4781-3p",0,0,0,0,0,0,0,0,0
"hsa-miR-4781-5p",0,0,0,0,0,0,0,0,0
"hsa-miR-4782-3p",0,0,0,0,0,0,0,0,0
"hsa-miR-4782-5p",0,0,0,0,0,0,0,0,0
"hsa-miR-4783-3p",0,0,0,1,0,1,4,0,0
"hsa-miR-4783-5p",0,0,0,0,0,0,0,0,0
"hsa-miR-4784",0,0,0,0,0,0,0,0,0
"hsa-miR-4785",221,57,155,133,90,147,134,71,97
"hsa-miR-4786-3p",0,0,0,0,0,0,0,0,0
"hsa-miR-4786-5p",0,0,0,0,0,0,0,0,0
"hsa-miR-4787-3p",162,77,982,745,539,385,642,121,17
"hsa-miR-4787-5p",4,2,2,4,2,3,1,1,1
"hsa-miR-4788",0,0,0,0,0,0,0,0,0
"hsa-miR-4789-3p",0,0,0,0,0,0,0,0,0
"hsa-miR-4789-5p",0,0,0,0,0,0,0,0,0
"hsa-miR-4790-3p",0,0,0,0,0,0,0,0,0
"hsa-miR-4790-5p",0,0,0,0,0,0,0,2,0
"hsa-miR-4791",0,0,0,0,0,0,0,0,0
"hsa-miR-4793-3p",0,0,0,0,0,0,0,0,0
"hsa-miR-4793-5p",0,0,0,0,0,0,0,0,0
"hsa-miR-4794",0,0,0,0,0,0,0,0,0
"hsa-miR-4795-3p",0,0,0,0,0,0,0,0,0
"hsa-miR-4795-5p",98,44,64,32,38,90,74,44,86
"hsa-miR-4796-3p",0,0,0,0,0,0,0,0,0
"hsa-miR-4796-5p",0,0,0,0,0,0,0,0,0
"hsa-miR-4797-3p",0,0,0,0,0,0,0,0,0
"hsa-miR-4797-5p",0,0,0,0,0,0,0,0,0
"hsa-miR-4798-3p",0,0,0,0,0,0,0,0,0
"hsa-miR-4798-5p",0,0,0,1,0,0,0,0,0
"hsa-miR-4799-3p",0,0,0,0,0,2,0,0,0
"hsa-miR-4799-5p",0,0,0,0,0,0,0,0,0
"hsa-miR-4800-3p",0,0,0,0,0,0,0,0,0
"hsa-miR-4800-5p",1,0,0,0,0,0,0,0,0
"hsa-miR-4801",0,0,0,0,0,0,0,0,0
"hsa-miR-4802-3p",34,10,13,21,5,18,27,8,18
"hsa-miR-4802-5p",24,16,29,10,4,13,2,6,7
"hsa-miR-4803",0,0,0,0,0,0,0,0,0
"hsa-miR-4804-3p",0,0,0,0,0,0,0,0,0
"hsa-miR-4804-5p",2,0,0,0,0,0,0,0,0
"hsa-miR-483-3p",105,53,124,47,43,92,75,69,82
"hsa-miR-483-5p",810,67,204,29,76,187,52,40,117
"hsa-miR-484",37,11,63,16,11,29,18,8,8
"hsa-miR-485-3p",0,0,0,0,0,0,0,0,0
"hsa-miR-485-5p",0,0,0,0,0,0,0,0,0
"hsa-miR-486-3p",0,0,2,2,3,0,1,0,0
"hsa-miR-486-5p",0,0,2,2,1,0,0,0,0
"hsa-miR-487a-3p",0,0,0,0,0,2,0,0,0
"hsa-miR-487a-5p",0,0,0,0,0,0,0,0,0
"hsa-miR-487b-3p",35,10,17,35,17,150,29,6,34
"hsa-miR-487b-5p",179,55,108,132,60,111,101,82,81
"hsa-miR-488-3p",0,0,0,0,0,0,0,0,0
"hsa-miR-488-5p",0,0,0,0,0,0,0,0,0
"hsa-miR-489-3p",0,0,0,0,0,0,0,0,0
"hsa-miR-489-5p",0,0,0,0,0,0,0,0,0
"hsa-miR-490-3p",0,0,0,0,0,0,0,0,0
"hsa-miR-490-5p",0,0,0,0,0,0,0,0,0
"hsa-miR-491-3p",4,0,0,0,0,6,0,0,0
"hsa-miR-491-5p",8,2,0,0,0,0,0,2,1
"hsa-miR-492",0,0,0,0,0,0,0,0,0
"hsa-miR-493-3p",0,0,0,0,0,0,0,0,0
"hsa-miR-493-5p",0,0,0,0,0,0,0,0,0
"hsa-miR-494-3p",0,0,0,0,0,0,0,0,0
"hsa-miR-494-5p",0,0,0,0,0,0,0,0,0
"hsa-miR-495-3p",0,0,0,0,0,0,0,0,0
"hsa-miR-495-5p",0,0,0,1,0,0,1,0,1
"hsa-miR-496",0,0,0,0,0,0,0,0,0
"hsa-miR-497-3p",0,0,0,0,0,0,0,0,0
"hsa-miR-497-5p",0,0,0,0,0,0,0,0,0
"hsa-miR-498-3p",75,56,105,35,36,49,54,31,71
"hsa-miR-498-5p",3,0,0,0,0,5,0,0,1
"hsa-miR-4999-3p",0,0,0,0,0,0,0,0,0
"hsa-miR-4999-5p",0,0,0,0,0,0,0,0,0
"hsa-miR-499a-3p",1,1,3,3,4,6,1,5,4
"hsa-miR-499a-5p",0,0,0,0,0,0,0,0,0
"hsa-miR-499b-3p",198,11,52,4,15,44,8,5,24
"hsa-miR-499b-5p",0,0,0,0,0,0,0,0,0
"hsa-miR-5000-3p",0,0,0,0,0,0,0,0,0
"hsa-miR-5000-5p",0,0,0,0,0,0,0,0,0
"hsa-miR-5001-3p",0,0,0,0,0,0,0,0,0
"hsa-miR-5001-5p",0,0,0,0,0,0,0,0,0
"hsa-miR-5002-3p",0,0,0,0,0,0,0,0,0
"hsa-miR-5002-5p",1,2,0,2,0,6,1,1,0
"hsa-miR-5003-3p",0,0,0,0,0,0,0,0,0
"hsa-miR-5003-5p",0,0,0,0,0,0,0,0,0
"hsa-miR-5004-3p",94,25,49,55,25,41,41,33,56
"hsa-miR-5004-5p",158,49,143,117,66,113,100,56,82
"hsa-miR-5006-3p",0,0,0,0,0,0,0,0,0
"hsa-miR-5006-5p",0,0,0,0,0,0,0,0,0
"hsa-miR-5007-3p",0,0,0,0,0,0,0,0,0
"hsa-miR-5007-5p",0,0,0,0,0,0,0,0,0
"hsa-miR-5008-3p",0,0,0,0,0,0,0,0,0
"hsa-miR-5008-5p",0,0,0,3,0,0,0,0,0
"hsa-miR-5009-3p",1,0,0,0,0,0,0,0,0
"hsa-miR-5009-5p",0,0,0,0,0,0,0,0,0
"hsa-miR-500a-3p",0,0,0,0,0,0,0,0,0
"hsa-miR-500a-5p",0,0,0,0,0,0,0,0,0
"hsa-miR-500b-3p",0,0,0,0,0,0,0,0,0
"hsa-miR-500b-5p",0,0,0,0,0,0,0,0,0
"hsa-miR-501-3p",0,0,0,0,0,0,0,0,0
"hsa-miR-501-5p",0,0,0,0,0,0,0,0,0
"hsa-miR-5010-3p",0,0,0,0,0,0,0,0,0
"hsa-miR-5010-5p",0,0,0,0,0,0,0,0,0
"hsa-miR-5011-3p",0,0,0,0,0,0,0,0,0
"hsa-miR-5011-5p",0,0,0,0,0,0,0,0,0
"hsa-miR-502-3p",0,0,0,0,0,0,0,0,0
"hsa-miR-502-5p",0,0,0,0,0,0,0,0,0
"hsa-miR-503-3p",275,29,28,45,32,56,58,25,33
"hsa-miR-503-5p",194,49,73,84,52,263,103,33,81
"hsa-miR-504-3p",0,0,0,0,0,0,0,0,0
"hsa-miR-504-5p",0,0,0,0,0,0,0,0,0
"hsa-miR-5047",0,0,0,0,0,0,0,0,0
"hsa-miR-505-3p",0,0,0,0,0,0,0,0,0
"hsa-miR-505-5p",0,0,0,0,0,0,0,0,0
"hsa-miR-506-3p",0,0,0,0,0,0,0,0,0
"hsa-miR-506-5p",0,0,0,0,0,0,0,0,0
"hsa-miR-507",0,0,0,0,0,0,0,0,1
"hsa-miR-508-3p",0,0,0,0,0,0,0,0,0
"hsa-miR-508-5p",0,0,0,0,0,0,0,0,0
"hsa-miR-5087",0,0,0,0,0,0,0,0,0
"hsa-miR-5088-3p",87,28,79,55,34,42,54,38,33
"hsa-miR-5088-5p",93,45,103,32,37,169,69,37,48
"hsa-miR-5089-3p",0,0,0,0,0,0,0,0,0
"hsa-miR-5089-5p",0,0,0,0,0,2,0,0,0
"hsa-miR-509-3-5p",0,0,0,0,0,0,0,0,2
"hsa-miR-509-3p",0,1,0,2,2,0,0,0,0
"hsa-miR-509-5p",2,0,1,2,3,3,0,1,0
"hsa-miR-5090",1,1,0,0,1,3,0,0,0
"hsa-miR-5091",135,67,181,65,59,99,111,79,92
"hsa-miR-5092",0,0,0,0,0,0,0,0,0
"hsa-miR-5093",1,1,0,0,0,0,0,0,1
"hsa-miR-5094",0,0,0,0,0,0,0,0,1
"hsa-miR-510-3p",0,0,0,0,0,0,0,0,0
"hsa-miR-510-5p",0,0,0,0,0,0,0,0,0
"hsa-miR-5100",0,0,0,0,0,0,0,0,0
"hsa-miR-511-3p",0,0,0,0,0,0,0,0,0
"hsa-miR-511-5p",0,0,0,0,0,0,0,0,0
"hsa-miR-512-3p",0,0,0,0,0,0,0,1,0
"hsa-miR-512-5p",1,2,0,0,0,0,1,0,0
"hsa-miR-513a-3p",0,0,0,0,0,1,0,0,0
"hsa-miR-513a-5p",0,0,0,1,0,0,0,0,0
"hsa-miR-513b-3p",0,0,0,0,0,0,0,0,0
"hsa-miR-513b-5p",0,0,0,0,0,0,0,0,0
"hsa-miR-513c-3p",0,0,0,0,0,0,0,0,0
"hsa-miR-513c-5p",0,0,0,0,0,0,0,0,0
"hsa-miR-514a-3p",0,0,0,0,0,0,0,1,0
"hsa-miR-514a-5p",0,0,0,0,0,0,1,0,0
"hsa-miR-514b-3p",2,0,0,0,0,2,2,0,0
"hsa-miR-514b-5p",0,1,0,0,0,0,0,0,0
"hsa-miR-515-3p",0,0,0,0,0,0,0,0,0
"hsa-miR-515-5p",0,0,0,0,0,0,0,0,0
"hsa-miR-516a-3p",14,5,3,0,8,1,11,1,0
"hsa-miR-516a-5p",94,33,40,50,14,48,33,15,28
"hsa-miR-516b-3p",63,17,23,32,22,17,40,10,21
"hsa-miR-516b-5p",63,22,49,27,16,32,46,16,25
"hsa-miR-517-5p",23,12,19,17,10,27,20,11,17
"hsa-miR-517a-3p",1,1,0,0,0,0,0,0,0
"hsa-miR-517b-3p",5,3,5,6,8,5,3,5,4
"hsa-miR-517c-3p",0,0,0,0,0,0,0,0,0
"hsa-miR-5186",2,0,2,1,3,2,1,0,1
"hsa-miR-5187-3p",0,0,0,0,0,0,0,0,0
"hsa-miR-5187-5p",1,0,0,0,0,2,0,0,0
"hsa-miR-5188",0,0,1,0,0,0,1,0,0
"hsa-miR-5189-3p",0,0,0,0,0,0,0,0,0
"hsa-miR-5189-5p",0,0,0,0,0,0,0,0,0
"hsa-miR-518a-3p",43,22,43,25,9,26,32,22,34
"hsa-miR-518a-5p",137,68,197,82,68,133,83,54,57
"hsa-miR-518b",0,0,0,0,0,0,0,0,0
"hsa-miR-518c-3p",0,0,0,0,0,0,0,0,0
"hsa-miR-518c-5p",0,1,0,0,0,0,0,0,0
"hsa-miR-518d-3p",13,4,11,5,4,5,15,2,2
"hsa-miR-518d-5p",9,3,0,4,1,0,1,0,2
"hsa-miR-518e-3p",148,86,217,87,77,234,114,51,89
"hsa-miR-518e-5p",71,34,60,26,28,57,34,30,43
"hsa-miR-518f-3p",0,0,0,0,0,0,0,0,0
"hsa-miR-518f-5p",0,0,0,0,0,0,0,0,0
"hsa-miR-5190",0,0,0,3,0,0,0,0,0
"hsa-miR-5191",0,0,0,0,0,0,0,0,0
"hsa-miR-5192",0,0,0,0,0,0,0,0,0
"hsa-miR-5193",60,39,69,27,28,43,52,34,53
"hsa-miR-5194",275,27,63,9,22,55,16,6,25
"hsa-miR-5195-3p",0,0,0,0,0,0,1,0,0
"hsa-miR-5195-5p",0,0,0,0,0,0,0,0,0
"hsa-miR-5196-3p",171,59,173,83,89,169,93,95,158
"hsa-miR-5196-5p",62,19,43,57,26,27,47,28,22
"hsa-miR-5197-3p",0,0,0,0,0,0,0,0,0
"hsa-miR-5197-5p",0,0,0,0,1,3,0,3,0
"hsa-miR-519a-2-5p",0,0,0,0,0,0,0,0,0
"hsa-miR-519a-3p",1,0,0,0,0,0,0,0,0
"hsa-miR-519a-5p",0,0,0,0,0,0,0,0,0
"hsa-miR-519b-3p",0,0,1,0,0,2,0,0,0
"hsa-miR-519b-5p",0,0,0,0,0,0,0,0,0
"hsa-miR-519c-3p",0,0,0,0,0,0,0,0,0
"hsa-miR-519c-5p",0,0,0,0,0,0,1,0,0
"hsa-miR-519d-3p",0,0,0,0,0,0,0,0,0
"hsa-miR-519d-5p",0,0,0,0,0,0,0,0,0
"hsa-miR-519e-3p",0,0,0,0,0,0,0,0,0
"hsa-miR-519e-5p",0,0,0,0,0,0,0,0,0
"hsa-miR-520a-3p",2,0,5,3,2,1,2,0,2
"hsa-miR-520a-5p",1,0,0,0,0,0,0,1,2
"hsa-miR-520b-3p",0,0,0,0,0,0,0,0,0
"hsa-miR-520b-5p",18,13,0,23,36,94,67,18,24
"hsa-miR-520c-3p",1,0,0,0,0,0,0,0,0
"hsa-miR-520c-5p",0,0,0,0,0,0,0,0,0
"hsa-miR-520d-3p",0,0,0,0,0,0,0,0,0
"hsa-miR-520d-5p",0,1,0,0,0,0,0,0,0
"hsa-miR-520e-3p",0,0,0,0,0,0,0,0,0
"hsa-miR-520e-5p",1,0,0,0,0,0,0,0,0
"hsa-miR-520f-3p",0,0,0,0,0,0,0,0,0
"hsa-miR-520f-5p",0,1,0,0,0,0,0,0,0
"hsa-miR-520g-3p",0,0,0,0,0,0,0,0,0
"hsa-miR-520g-5p",0,0,0,0,0,0,0,0,0
"hsa-miR-520h",1,0,0,0,0,0,0,0,0
"hsa-miR-521",1,0,0,0,0,0,0,0,0
"hsa-miR-522-3p",0,0,0,0,0,0,0,0,0
"hsa-miR-522-5p",0,0,0,0,0,0,0,0,0
"hsa-miR-523-3p",86,30,36,52,31,25,69,17,38
"hsa-miR-523-5p",0,1,0,2,0,1,0,0,0
"hsa-miR-524-3p",35,17,31,6,7,66,5,3,14
"hsa-miR-524-5p",0,1,3,0,1,5,0,0,3
"hsa-miR-525-3p",0,0,0,0,0,0,0,0,0
"hsa-miR-525-5p",0,0,0,0,0,0,0,0,0
"hsa-miR-526a-3p",0,0,0,0,0,0,0,0,0
"hsa-miR-526a-5p",0,0,0,0,0,0,0,0,0
"hsa-miR-526b-3p",0,0,0,0,0,2,0,0,0
"hsa-miR-526b-5p",0,0,0,0,0,0,0,0,1
"hsa-miR-527",0,0,0,0,0,0,0,0,0
"hsa-miR-532-3p",0,0,0,0,0,0,0,0,0
"hsa-miR-532-5p",0,0,0,0,0,0,0,0,0
"hsa-miR-539-3p",0,0,0,0,0,0,0,0,0
"hsa-miR-539-5p",0,0,0,0,0,0,0,0,0
"hsa-miR-541-3p",16,2,5,4,3,6,3,2,3
"hsa-miR-541-5p",101,34,52,27,38,96,52,43,65
"hsa-miR-542-3p",0,0,0,0,0,0,0,0,0
"hsa-miR-542-5p",0,0,0,0,0,0,0,0,0
"hsa-miR-543",0,0,0,0,0,0,0,0,0
"hsa-miR-544a",50,22,90,30,29,43,43,12,22
"hsa-miR-544b",0,0,0,0,0,0,0,0,0
"hsa-miR-545-3p",0,0,0,0,0,0,0,0,0
"hsa-miR-545-5p",0,0,0,0,0,0,0,0,0
"hsa-miR-548a-3p",0,0,0,1,0,0,0,0,0
"hsa-miR-548a-5p",0,0,0,0,0,0,0,0,0
"hsa-miR-548aa",14,3,14,8,5,3,1,2,5
"hsa-miR-548ab",0,0,0,0,0,0,0,0,0
"hsa-miR-548ac",0,0,0,0,0,0,0,0,0
"hsa-miR-548ad-3p",0,0,0,0,0,0,0,0,0
"hsa-miR-548ad-5p",0,0,0,0,0,0,0,0,0
"hsa-miR-548ae-3p",0,0,1,0,1,3,2,0,1
"hsa-miR-548ae-5p",4,1,0,0,1,6,1,0,0
"hsa-miR-548ag",0,0,0,0,0,0,0,0,0
"hsa-miR-548ah-3p",533,56,133,24,63,122,44,25,59
"hsa-miR-548ah-5p",24,22,18,7,14,20,18,16,28
"hsa-miR-548ai",0,0,0,2,0,0,0,0,0
"hsa-miR-548aj-3p",0,0,0,0,0,1,3,1,0
"hsa-miR-548aj-5p",0,0,0,0,0,0,0,0,0
"hsa-miR-548ak",191,61,100,73,65,160,107,70,133
"hsa-miR-548al",0,0,0,0,0,0,0,0,0
"hsa-miR-548am-3p",0,0,0,0,0,0,0,0,0
"hsa-miR-548am-5p",0,0,0,0,0,0,0,0,0
"hsa-miR-548an",0,0,0,0,0,0,0,0,0
"hsa-miR-548ao-3p",0,0,0,0,0,0,0,0,0
"hsa-miR-548ao-5p",0,0,0,0,0,0,0,0,0
"hsa-miR-548ap-3p",0,0,0,0,0,0,0,0,0
"hsa-miR-548ap-5p",0,0,0,0,0,0,0,0,0
"hsa-miR-548aq-3p",0,0,0,0,0,0,0,0,0
"hsa-miR-548aq-5p",0,0,0,0,0,0,0,0,0
"hsa-miR-548ar-3p",0,0,0,0,0,0,0,0,0
"hsa-miR-548ar-5p",0,0,0,0,0,0,0,0,0
"hsa-miR-548as-3p",0,0,0,0,0,0,0,0,0
"hsa-miR-548as-5p",0,0,0,0,0,0,0,0,0
"hsa-miR-548at-3p",4,2,4,1,1,4,0,2,3
"hsa-miR-548at-5p",15,8,11,11,9,7,3,4,3
"hsa-miR-548au-3p",0,0,0,0,0,0,0,0,0
"hsa-miR-548au-5p",0,0,0,0,0,0,0,0,0
"hsa-miR-548av-3p",1,0,0,0,0,2,2,0,0
"hsa-miR-548av-5p",0,0,0,0,0,0,0,0,0
"hsa-miR-548aw",0,0,0,0,0,0,0,0,0
"hsa-miR-548ax",0,0,0,0,0,0,0,0,0
"hsa-miR-548ay-3p",0,0,0,0,0,0,0,0,0
"hsa-miR-548ay-5p",0,0,0,0,0,0,0,0,0
"hsa-miR-548az-3p",0,0,0,0,0,0,0,0,0
"hsa-miR-548az-5p",0,0,0,0,0,0,0,0,0
"hsa-miR-548b-3p",1,0,0,0,0,0,0,0,0
"hsa-miR-548b-5p",0,0,0,0,0,0,0,0,0
"hsa-miR-548ba",112,42,86,38,40,95,74,52,92
"hsa-miR-548bb-3p",157,11,34,0,11,24,5,2,12
"hsa-miR-548bb-5p",0,0,0,0,0,0,0,0,0
"hsa-miR-548bc",0,0,0,0,0,0,0,0,0
"hsa-miR-548c-3p",0,0,0,0,0,0,0,0,0
"hsa-miR-548c-5p",0,0,0,0,0,0,0,0,0
"hsa-miR-548d-3p",75,26,29,36,28,30,39,19,21
"hsa-miR-548d-5p",0,0,0,0,0,0,0,0,0
"hsa-miR-548e-3p",11,5,20,19,13,17,6,2,12
"hsa-miR-548e-5p",2,1,0,1,2,2,0,2,0
"hsa-miR-548f-3p",1,0,4,4,3,7,1,1,0
"hsa-miR-548f-5p",0,0,0,1,0,0,0,3,0
"hsa-miR-548g-3p",0,0,0,0,0,0,0,0,0
"hsa-miR-548g-5p",0,0,0,0,0,0,0,0,0
"hsa-miR-548h-3p",0,0,0,0,0,0,0,0,0
"hsa-miR-548h-5p",0,0,0,0,1,0,0,0,2
"hsa-miR-548i",65,18,46,25,12,30,36,17,9
"hsa-miR-548j-3p",0,0,0,0,0,0,0,0,0
"hsa-miR-548j-5p",0,0,0,0,0,0,0,0,0
"hsa-miR-548k",22,5,10,5,4,3,3,3,7
"hsa-miR-548l",0,0,0,0,0,0,0,0,0
"hsa-miR-548m",0,0,0,0,0,0,0,0,0
"hsa-miR-548n",0,0,0,0,0,0,0,0,0
"hsa-miR-548o-3p",0,0,0,0,0,0,0,0,0
"hsa-miR-548o-5p",25,10,14,18,7,7,24,5,7
"hsa-miR-548p",0,0,0,0,0,0,0,0,0
"hsa-miR-548q",24,11,12,13,3,3,15,3,4
"hsa-miR-548s",0,0,0,0,0,0,0,0,0
"hsa-miR-548t-3p",33,15,30,9,9,10,22,5,17
"hsa-miR-548t-5p",35,11,19,22,10,17,12,10,18
"hsa-miR-548u",0,0,0,0,0,2,0,0,0
"hsa-miR-548v",0,0,0,0,0,0,0,0,0
"hsa-miR-548w",25,12,53,20,14,20,31,15,22
"hsa-miR-548x-3p",9,4,21,3,7,14,0,2,0
"hsa-miR-548x-5p",6,1,0,0,0,3,0,0,0
"hsa-miR-548y",0,0,0,0,0,0,0,0,0
"hsa-miR-548z",0,0,0,0,0,0,0,0,0
"hsa-miR-549a-3p",0,0,0,0,0,0,0,0,0
"hsa-miR-549a-5p",0,0,0,0,0,0,0,0,0
"hsa-miR-550a-3-5p",0,0,0,0,0,0,0,0,0
"hsa-miR-550a-3p",1,0,0,0,0,0,0,0,0
"hsa-miR-550a-5p",0,0,0,0,0,0,0,0,0
"hsa-miR-550b-2-5p",0,0,0,0,0,0,0,0,0
"hsa-miR-550b-3p",0,0,0,0,0,0,0,0,0
"hsa-miR-551a",0,0,0,0,0,1,0,0,0
"hsa-miR-551b-3p",0,0,0,0,0,0,0,0,0
"hsa-miR-551b-5p",0,0,0,0,0,0,0,0,0
"hsa-miR-552-3p",0,0,0,0,0,0,0,0,0
"hsa-miR-552-5p",0,0,0,0,0,0,1,0,0
"hsa-miR-553",0,0,0,2,5,5,6,1,0
"hsa-miR-554",0,0,0,0,0,0,0,0,0
"hsa-miR-555",115,43,118,55,47,139,71,24,45
"hsa-miR-556-3p",0,0,0,0,0,0,0,0,0
"hsa-miR-556-5p",0,0,0,0,0,0,0,0,0
"hsa-miR-557",0,0,0,0,0,0,0,0,0
"hsa-miR-5571-3p",9,0,8,8,3,12,3,3,11
"hsa-miR-5571-5p",51,16,44,13,10,35,6,17,20
"hsa-miR-5572",0,0,0,0,0,1,0,0,0
"hsa-miR-5579-3p",0,0,0,0,0,0,0,0,0
"hsa-miR-5579-5p",0,0,0,0,0,0,0,0,0
"hsa-miR-558",0,0,0,0,0,0,0,0,0
"hsa-miR-5580-3p",0,0,0,0,0,0,0,0,0
"hsa-miR-5580-5p",0,0,0,0,0,0,0,0,0
"hsa-miR-5581-3p",0,0,0,0,0,0,0,0,0
"hsa-miR-5581-5p",0,0,0,0,0,0,0,0,0
"hsa-miR-5582-3p",121,8,27,5,10,31,8,2,6
"hsa-miR-5582-5p",0,0,0,0,0,0,0,0,0
"hsa-miR-5583-3p",0,0,0,0,0,0,0,0,0
"hsa-miR-5583-5p",0,0,0,0,0,0,0,0,0
"hsa-miR-5584-3p",0,0,0,0,0,0,0,0,0
"hsa-miR-5584-5p",1,0,0,0,2,0,0,0,0
"hsa-miR-5585-3p",0,0,0,0,0,0,0,0,0
"hsa-miR-5585-5p",0,0,0,0,0,0,0,0,0
"hsa-miR-5586-3p",0,0,0,0,0,0,0,0,0
"hsa-miR-5586-5p",0,0,0,0,0,0,0,0,0
"hsa-miR-5587-3p",0,0,0,0,0,0,0,0,0
"hsa-miR-5587-5p",0,0,0,0,0,0,0,0,0
"hsa-miR-5588-3p",28,10,10,17,7,3,23,9,7
"hsa-miR-5588-5p",43,16,15,17,19,29,25,13,38
"hsa-miR-5589-3p",0,0,0,0,0,0,0,0,0
"hsa-miR-5589-5p",0,0,1,0,0,0,0,0,0
"hsa-miR-559",12,4,6,5,0,4,0,1,5
"hsa-miR-5590-3p",0,0,0,0,3,0,0,0,0
"hsa-miR-5590-5p",0,0,0,0,0,0,0,0,0
"hsa-miR-5591-3p",0,0,0,0,0,0,0,0,0
"hsa-miR-5591-5p",0,0,0,0,0,0,0,0,0
"hsa-miR-561-3p",0,0,0,0,0,0,0,0,0
"hsa-miR-561-5p",0,0,0,0,0,0,0,0,0
"hsa-miR-562",0,0,0,0,0,0,0,0,0
"hsa-miR-563",0,0,0,0,0,0,0,0,0
"hsa-miR-564",0,1,0,5,0,1,0,0,0
"hsa-miR-567",0,0,0,0,0,0,0,0,0
"hsa-miR-568",0,0,0,0,0,0,0,0,0
"hsa-miR-5680",0,0,0,0,0,0,0,0,0
"hsa-miR-5681a",0,0,0,0,0,0,0,0,0
"hsa-miR-5681b",4,3,39,17,8,1,12,0,2
"hsa-miR-5682",0,0,0,0,0,0,0,0,0
"hsa-miR-5683",0,0,0,0,2,0,0,0,0
"hsa-miR-5684",0,0,0,0,0,0,0,0,0
"hsa-miR-5685",0,1,0,0,0,0,0,0,0
"hsa-miR-5687",0,0,0,0,0,0,0,0,0
"hsa-miR-5688",0,0,0,0,0,0,0,0,0
"hsa-miR-5689",0,0,0,0,0,0,0,0,0
"hsa-miR-569",0,0,0,0,0,0,0,0,0
"hsa-miR-5690",0,0,0,0,1,0,0,0,0
"hsa-miR-5691",0,0,0,0,0,0,0,0,0
"hsa-miR-5692a",2,0,0,0,3,4,1,0,0
"hsa-miR-5692b",0,0,0,0,0,0,0,0,0
"hsa-miR-5692c",156,75,142,63,52,132,124,79,129
"hsa-miR-5693",0,0,0,0,0,0,0,0,0
"hsa-miR-5694",0,0,0,0,0,0,0,0,0
"hsa-miR-5695",49,6,10,2,1,10,7,2,9
"hsa-miR-5696",0,0,0,0,0,0,0,0,0
"hsa-miR-5697",180,46,103,124,67,120,98,58,75
"hsa-miR-5698",38,10,30,20,17,9,31,6,11
"hsa-miR-5699-3p",0,0,0,0,0,0,0,0,0
"hsa-miR-5699-5p",0,0,0,0,0,0,0,0,0
"hsa-miR-570-3p",0,0,0,0,0,0,0,0,0
"hsa-miR-570-5p",0,1,0,1,0,1,1,0,0
"hsa-miR-5700",0,0,0,0,0,0,0,0,0
"hsa-miR-5701",0,0,0,0,0,0,0,0,0
"hsa-miR-5702",0,0,0,0,0,0,0,0,0
"hsa-miR-5703",0,0,0,0,0,0,0,0,0
"hsa-miR-5704",0,0,0,0,0,0,0,0,0
"hsa-miR-5705",0,0,0,0,0,0,0,0,0
"hsa-miR-5706",0,0,0,0,0,0,1,0,1
"hsa-miR-5707",0,0,0,0,0,0,0,0,0
"hsa-miR-5708",0,0,0,0,0,0,0,0,0
"hsa-miR-571",118,57,140,67,61,170,72,52,68
"hsa-miR-572",0,0,0,0,0,0,0,0,0
"hsa-miR-573",0,0,0,0,0,0,0,0,0
"hsa-miR-5739",0,0,0,0,0,0,0,0,0
"hsa-miR-574-3p",25,12,15,7,9,7,7,15,9
"hsa-miR-574-5p",12,10,16,7,5,16,28,10,15
"hsa-miR-575",0,0,0,0,0,0,0,0,0
"hsa-miR-576-3p",0,0,0,0,0,0,0,0,2
"hsa-miR-576-5p",0,0,0,0,0,0,0,0,0
"hsa-miR-577",0,0,0,0,2,0,0,0,0
"hsa-miR-578",0,0,0,0,0,0,0,0,0
"hsa-miR-5787",0,0,0,0,0,0,0,0,0
"hsa-miR-579-3p",0,0,0,0,0,0,0,0,0
"hsa-miR-579-5p",0,0,0,0,0,2,0,0,0
"hsa-miR-580-3p",12,4,56,67,36,39,36,6,2
"hsa-miR-580-5p",0,0,0,0,0,0,0,0,0
"hsa-miR-581",0,0,0,0,0,0,0,0,0
"hsa-miR-582-3p",1,1,0,0,0,0,0,0,0
"hsa-miR-582-5p",0,0,0,0,0,0,0,0,0
"hsa-miR-583",0,0,0,0,1,0,0,0,0
"hsa-miR-584-3p",9,7,0,2,5,5,6,15,6
"hsa-miR-584-5p",0,0,0,0,1,0,0,0,1
"hsa-miR-585-3p",0,0,0,0,0,0,0,0,0
"hsa-miR-585-5p",0,0,0,0,0,0,0,0,0
"hsa-miR-586",0,0,0,0,0,0,0,0,0
"hsa-miR-587",0,0,0,0,0,0,0,0,0
"hsa-miR-588",3,1,3,3,1,11,0,3,0
"hsa-miR-589-3p",0,0,0,0,0,0,0,0,0
"hsa-miR-589-5p",0,0,0,0,0,0,0,0,0
"hsa-miR-590-3p",134,38,56,34,40,86,42,41,63
"hsa-miR-590-5p",15,9,13,6,6,8,18,2,6
"hsa-miR-591",0,0,0,0,0,0,0,0,0
"hsa-miR-592",0,0,0,0,0,0,0,0,0
"hsa-miR-593-3p",0,0,0,0,0,0,0,0,0
"hsa-miR-593-5p",0,0,0,0,0,0,0,0,0
"hsa-miR-595",0,0,0,0,0,0,0,0,0
"hsa-miR-596",0,0,0,0,0,0,0,0,0
"hsa-miR-597-3p",0,0,0,0,0,0,0,0,0
"hsa-miR-597-5p",1,0,0,0,0,0,0,0,0
"hsa-miR-598-3p",0,0,0,0,0,0,0,0,0
"hsa-miR-598-5p",0,0,0,0,0,0,0,0,0
"hsa-miR-599",0,0,0,0,0,0,0,0,0
"hsa-miR-600",0,0,0,0,0,0,0,0,0
"hsa-miR-601",0,0,0,0,0,0,0,0,0
"hsa-miR-602",0,0,0,0,0,0,0,0,1
"hsa-miR-603",0,0,0,0,0,0,0,0,0
"hsa-miR-604",0,0,0,0,0,0,3,1,0
"hsa-miR-605-3p",0,0,0,0,0,0,0,0,0
"hsa-miR-605-5p",0,0,0,0,0,0,1,0,0
"hsa-miR-606",0,0,0,0,0,0,0,0,0
"hsa-miR-6068",68,22,42,36,21,50,41,12,21
"hsa-miR-6069",0,0,0,0,0,0,0,0,0
"hsa-miR-607",11,3,30,4,8,7,19,7,12
"hsa-miR-6070",0,0,0,0,0,0,0,0,0
"hsa-miR-6071",0,0,0,0,0,0,0,0,0
"hsa-miR-6072",0,0,0,0,0,0,0,0,0
"hsa-miR-6073",0,0,0,0,0,0,0,0,0
"hsa-miR-6074",0,0,0,0,0,0,0,0,0
"hsa-miR-6075",0,0,0,0,0,0,0,0,0
"hsa-miR-6076",80,37,59,39,34,56,30,42,64
"hsa-miR-6077",0,0,0,0,0,0,0,0,0
"hsa-miR-6078",0,0,0,0,0,0,0,0,0
"hsa-miR-6079",1,0,0,0,0,0,0,0,0
"hsa-miR-608",1,2,0,5,2,3,1,0,0
"hsa-miR-6080",0,0,0,0,0,0,0,0,0
"hsa-miR-6081",1,0,0,0,0,0,0,0,0
"hsa-miR-6082",3,1,0,0,2,0,0,2,0
"hsa-miR-6083",0,0,0,0,0,0,0,0,0
"hsa-miR-6084",0,0,0,0,0,0,0,0,0
"hsa-miR-6085",2,0,0,0,1,0,0,0,0
"hsa-miR-6086",0,0,0,0,0,0,0,0,0
"hsa-miR-6088",11,7,2,6,5,6,11,2,7
"hsa-miR-6089",0,0,0,1,0,0,1,0,0
"hsa-miR-609",23,18,35,11,8,30,12,5,5
"hsa-miR-6090",0,0,0,0,0,0,0,0,0
"hsa-miR-610",0,0,0,0,0,0,0,0,0
"hsa-miR-611",0,0,0,0,0,0,0,0,0
"hsa-miR-612",119,37,47,52,30,37,63,14,40
"hsa-miR-6124",0,0,0,0,0,0,0,0,0
"hsa-miR-6125",0,0,0,0,0,0,0,0,0
"hsa-miR-6126",0,0,0,0,0,0,0,0,0
"hsa-miR-6127",0,0,0,0,0,0,0,0,0
"hsa-miR-6128",0,0,0,0,0,0,0,0,0
"hsa-miR-6129",29,9,6,18,8,9,21,10,3
"hsa-miR-613",0,0,0,0,0,0,0,0,0
"hsa-miR-6130",5,2,2,4,4,26,3,3,7
"hsa-miR-6131",0,0,0,0,0,0,0,0,0
"hsa-miR-6132",0,0,0,0,0,0,0,0,0
"hsa-miR-6133",0,0,0,0,0,0,0,0,0
"hsa-miR-6134",0,0,0,0,0,0,0,0,0
"hsa-miR-614",66,26,43,16,9,69,22,27,47
"hsa-miR-615-3p",97,43,52,56,43,37,75,27,48
"hsa-miR-615-5p",49,25,86,27,17,52,16,10,19
"hsa-miR-616-3p",132,13,60,13,36,38,16,5,16
"hsa-miR-616-5p",0,0,0,0,0,0,0,0,0
"hsa-miR-6165",0,0,0,0,0,0,0,0,0
"hsa-miR-617",0,1,0,0,0,0,0,0,0
"hsa-miR-618",0,0,0,0,0,0,0,0,0
"hsa-miR-619-3p",0,0,0,2,2,3,0,0,0
"hsa-miR-619-5p",0,0,0,0,0,0,0,0,0
"hsa-miR-620",0,0,0,0,0,0,1,0,0
"hsa-miR-621",0,0,0,0,0,0,0,0,0
"hsa-miR-622",85,34,138,61,50,67,53,26,37
"hsa-miR-623",0,0,0,0,0,0,0,0,0
"hsa-miR-624-3p",0,0,0,0,0,1,0,0,0
"hsa-miR-624-5p",1,0,0,0,0,0,0,0,0
"hsa-miR-625-3p",0,0,0,0,0,0,0,0,0
"hsa-miR-625-5p",0,0,0,0,0,0,0,0,0
"hsa-miR-626",235,106,268,120,110,308,148,90,99
"hsa-miR-627-3p",0,0,0,0,0,0,0,0,0
"hsa-miR-627-5p",0,0,0,0,0,0,0,0,0
"hsa-miR-628-3p",0,1,0,0,0,0,0,1,0
"hsa-miR-628-5p",0,0,0,0,0,0,0,0,0
"hsa-miR-629-3p",0,0,0,0,0,0,0,0,0
"hsa-miR-629-5p",0,0,0,0,0,0,0,0,0
"hsa-miR-630",22,9,2,6,6,18,15,11,24
"hsa-miR-631",0,0,0,0,0,0,0,0,0
"hsa-miR-632",0,0,0,0,0,0,0,0,0
"hsa-miR-633",0,0,0,0,0,0,0,0,0
"hsa-miR-634",0,0,0,0,0,0,0,0,0
"hsa-miR-635",0,0,0,0,0,0,0,0,0
"hsa-miR-636",0,0,0,0,0,0,0,0,0
"hsa-miR-637",0,0,0,0,0,0,0,0,2
"hsa-miR-638",142,20,40,20,26,32,23,15,26
"hsa-miR-639",0,0,0,0,0,0,0,0,0
"hsa-miR-640",0,0,0,0,0,0,0,0,0
"hsa-miR-641",0,0,0,0,0,0,0,0,1
"hsa-miR-642a-3p",0,0,0,0,0,0,0,0,0
"hsa-miR-642a-5p",0,0,0,0,0,0,0,0,0
"hsa-miR-642b-3p",0,0,0,0,0,0,0,0,0
"hsa-miR-642b-5p",0,0,0,0,0,0,0,0,0
"hsa-miR-643",0,0,0,0,0,0,0,0,0
"hsa-miR-644a",0,0,0,0,0,0,0,0,0
"hsa-miR-645",0,1,0,0,0,0,0,0,0
"hsa-miR-646",0,0,0,0,0,0,0,0,0
"hsa-miR-647",0,0,0,0,0,0,0,0,0
"hsa-miR-648",0,0,0,0,0,0,0,0,0
"hsa-miR-649",14,3,1,4,6,2,5,0,1
"hsa-miR-6499-3p",0,0,0,0,0,0,0,0,0
"hsa-miR-6499-5p",0,0,0,0,0,0,0,0,0
"hsa-miR-650",0,0,0,0,0,0,0,0,0
"hsa-miR-6500-3p",0,0,0,0,0,0,0,0,0
"hsa-miR-6500-5p",0,0,0,0,0,0,0,0,0
"hsa-miR-6501-3p",0,0,0,0,0,0,0,0,0
"hsa-miR-6501-5p",0,0,0,0,0,0,0,0,0
"hsa-miR-6502-3p",0,0,0,0,0,0,0,0,0
"hsa-miR-6502-5p",0,1,0,0,0,0,0,0,0
"hsa-miR-6503-3p",1,1,2,1,1,7,0,1,1
"hsa-miR-6503-5p",0,0,0,0,0,0,0,0,0
"hsa-miR-6504-3p",0,0,0,0,0,1,0,1,0
"hsa-miR-6504-5p",0,0,0,0,0,0,0,0,0
"hsa-miR-6505-3p",0,0,0,0,0,0,0,0,0
"hsa-miR-6505-5p",0,0,0,0,0,0,0,0,0
"hsa-miR-6506-3p",0,0,0,0,0,0,2,0,0
"hsa-miR-6506-5p",1,0,0,0,0,2,0,0,1
"hsa-miR-6507-3p",0,0,0,0,0,0,0,0,0
"hsa-miR-6507-5p",1,0,0,0,0,0,0,0,0
"hsa-miR-6508-3p",2,0,0,0,1,3,0,0,0
"hsa-miR-6508-5p",0,0,0,0,0,0,0,0,0
"hsa-miR-6509-3p",0,0,0,0,0,0,0,0,0
"hsa-miR-6509-5p",0,0,0,0,0,0,0,0,0
"hsa-miR-651-3p",0,0,0,0,0,0,0,0,0
"hsa-miR-651-5p",0,0,0,0,0,1,0,0,0
"hsa-miR-6510-3p",62,26,73,34,19,30,35,37,34
"hsa-miR-6510-5p",12,7,2,1,4,9,5,11,12
"hsa-miR-6511a-3p",118,50,78,56,38,93,82,50,94
"hsa-miR-6511a-5p",170,55,118,98,64,102,77,43,47
"hsa-miR-6511b-3p",0,0,0,0,0,0,0,0,0
"hsa-miR-6511b-5p",1,0,1,0,0,0,0,0,0
"hsa-miR-6512-3p",0,0,0,0,0,0,0,0,0
"hsa-miR-6512-5p",0,0,0,0,0,0,0,0,0
"hsa-miR-6513-3p",0,0,0,0,0,0,0,0,0
"hsa-miR-6513-5p",0,0,0,0,0,0,0,0,0
"hsa-miR-6514-3p",0,0,0,0,0,0,0,0,0
"hsa-miR-6514-5p",0,0,0,0,0,0,0,0,0
"hsa-miR-6515-3p",0,0,0,0,0,0,0,0,0
"hsa-miR-6515-5p",0,0,0,0,0,0,0,0,0
"hsa-miR-6516-3p",0,0,0,0,0,0,0,0,0
"hsa-miR-6516-5p",0,0,0,0,0,0,0,0,0
"hsa-miR-652-3p",143,51,94,94,59,65,75,60,67
"hsa-miR-652-5p",63,25,60,24,24,38,49,18,17
"hsa-miR-6529-3p",0,0,0,0,0,0,0,0,0
"hsa-miR-6529-5p",0,0,0,0,0,0,0,0,0
"hsa-miR-653-3p",0,1,1,1,0,1,0,0,1
"hsa-miR-653-5p",0,0,0,0,0,0,0,0,0
"hsa-miR-654-3p",0,0,0,0,0,0,0,0,0
"hsa-miR-654-5p",0,0,0,0,0,0,0,0,0
"hsa-miR-655-3p",0,0,0,0,0,0,0,0,0
"hsa-miR-655-5p",0,0,0,0,0,0,0,0,0
"hsa-miR-656-3p",0,0,0,0,0,0,0,0,0
"hsa-miR-656-5p",0,0,0,0,0,0,0,0,0
"hsa-miR-657",0,0,0,0,0,0,0,1,0
"hsa-miR-658",0,0,0,0,0,0,0,0,0
"hsa-miR-659-3p",0,0,0,0,0,0,0,0,0
"hsa-miR-659-5p",0,0,0,0,0,0,0,0,0
"hsa-miR-660-3p",0,0,0,0,0,0,0,0,0
"hsa-miR-660-5p",0,0,0,0,0,0,0,0,0
"hsa-miR-661",0,0,0,0,0,0,0,0,0
"hsa-miR-662",0,0,0,0,0,0,0,0,0
"hsa-miR-663a",0,0,0,0,0,0,0,0,0
"hsa-miR-663b",0,0,0,0,0,0,0,0,0
"hsa-miR-664a-3p",47,19,63,29,33,29,50,23,21
"hsa-miR-664a-5p",57,20,22,20,10,34,20,5,25
"hsa-miR-664b-3p",0,0,0,0,0,0,0,0,0
"hsa-miR-664b-5p",0,0,0,0,0,0,0,0,0
"hsa-miR-665",0,0,0,0,0,0,0,0,0
"hsa-miR-668-3p",0,0,0,0,0,0,0,0,0
"hsa-miR-668-5p",0,0,0,0,0,0,0,0,0
"hsa-miR-670-3p",0,0,0,0,0,0,0,0,0
"hsa-miR-670-5p",0,0,0,0,0,0,0,0,0
"hsa-miR-671-3p",124,50,96,65,45,68,88,23,50
"hsa-miR-671-5p",81,25,92,35,36,52,41,41,69
"hsa-miR-6715a-3p",0,0,0,0,0,0,0,0,0
"hsa-miR-6715b-3p",0,0,0,0,0,0,0,0,0
"hsa-miR-6715b-5p",0,0,0,0,0,0,0,0,0
"hsa-miR-6716-3p",21,3,10,10,8,5,12,5,2
"hsa-miR-6716-5p",84,30,58,46,23,37,54,17,28
"hsa-miR-6717-5p",0,0,0,0,0,0,0,0,0
"hsa-miR-6718-5p",0,0,0,0,0,0,0,0,0
"hsa-miR-6719-3p",52,23,29,32,19,42,36,28,44
"hsa-miR-6720-3p",6,1,1,7,9,8,14,0,4
"hsa-miR-6720-5p",1,2,2,0,1,5,2,2,0
"hsa-miR-6721-5p",0,0,0,0,0,0,0,0,0
"hsa-miR-6722-3p",0,0,0,0,0,0,0,0,0
"hsa-miR-6722-5p",0,0,0,0,0,0,0,0,0
"hsa-miR-6724-5p",0,0,0,0,0,0,0,0,0
"hsa-miR-6726-3p",0,0,0,0,0,0,0,0,0
"hsa-miR-6726-5p",0,0,0,0,0,0,0,0,0
"hsa-miR-6727-3p",0,0,0,0,0,0,0,0,0
"hsa-miR-6727-5p",0,0,0,0,0,0,0,0,0
"hsa-miR-6728-3p",57,33,96,29,26,41,42,34,30
"hsa-miR-6728-5p",14,6,8,2,0,4,6,4,7
"hsa-miR-6729-3p",166,42,105,126,52,116,89,54,75
"hsa-miR-6729-5p",46,19,51,31,18,32,31,16,18
"hsa-miR-6730-3p",0,0,0,5,0,1,0,0,0
"hsa-miR-6730-5p",0,0,0,0,0,0,0,0,0
"hsa-miR-6731-3p",82,42,97,68,44,51,77,43,51
"hsa-miR-6731-5p",181,71,82,68,62,76,116,42,94
"hsa-miR-6732-3p",0,0,0,0,0,0,0,0,0
"hsa-miR-6732-5p",0,0,0,0,0,0,0,0,0
"hsa-miR-6733-3p",0,0,0,0,0,0,0,0,0
"hsa-miR-6733-5p",0,0,0,0,0,0,0,0,0
"hsa-miR-6734-3p",3,0,0,0,0,1,0,0,0
"hsa-miR-6734-5p",1,1,0,1,0,0,0,1,0
"hsa-miR-6735-3p",19,4,5,2,7,1,5,8,5
"hsa-miR-6735-5p",0,0,0,0,0,0,0,0,0
"hsa-miR-6736-3p",0,0,0,0,0,0,0,0,0
"hsa-miR-6736-5p",0,0,0,0,0,0,0,0,0
"hsa-miR-6737-3p",134,9,31,8,10,27,12,4,23
"hsa-miR-6737-5p",4,3,2,2,0,2,2,1,0
"hsa-miR-6738-3p",1,0,0,0,1,0,0,0,0
"hsa-miR-6738-5p",0,0,0,0,0,0,0,0,0
"hsa-miR-6739-3p",0,0,0,0,0,0,0,0,0
"hsa-miR-6739-5p",1,0,0,0,0,0,0,0,0
"hsa-miR-6740-3p",0,0,2,0,0,0,0,0,0
"hsa-miR-6740-5p",0,0,0,0,0,0,0,0,0
"hsa-miR-6741-3p",2,0,0,0,0,0,1,0,0
"hsa-miR-6741-5p",70,25,56,54,33,48,44,43,32
"hsa-miR-6742-3p",0,0,0,0,0,0,0,0,0
"hsa-miR-6742-5p",0,0,0,0,0,0,0,0,0
"hsa-miR-6743-3p",2,1,0,0,0,2,0,0,0
"hsa-miR-6743-5p",0,0,0,0,0,0,0,0,0
"hsa-miR-6744-3p",0,0,0,0,0,0,0,0,0
"hsa-miR-6744-5p",0,0,0,0,0,0,0,0,0
"hsa-miR-6745",0,0,0,0,0,0,0,0,0
"hsa-miR-6746-3p",12,4,19,7,2,5,6,6,5
"hsa-miR-6746-5p",120,32,65,78,43,68,62,40,56
"hsa-miR-6747-3p",0,0,0,0,0,0,0,0,0
"hsa-miR-6747-5p",0,0,0,0,0,0,0,0,0
"hsa-miR-6748-3p",0,0,0,0,0,0,0,0,0
"hsa-miR-6748-5p",0,0,0,0,0,0,0,0,0
"hsa-miR-6749-3p",0,0,0,0,0,0,0,0,0
"hsa-miR-6749-5p",0,0,0,0,0,0,0,0,0
"hsa-miR-675-3p",0,0,0,0,0,0,0,0,0
"hsa-miR-675-5p",0,0,0,0,0,0,0,0,0
"hsa-miR-6750-3p",0,0,0,0,0,0,0,0,0
"hsa-miR-6750-5p",0,0,0,0,0,0,0,0,0
"hsa-miR-6751-3p",0,0,0,0,0,0,0,0,0
"hsa-miR-6751-5p",0,0,0,0,0,0,0,0,0
"hsa-miR-6752-3p",0,0,0,0,0,0,0,0,0
"hsa-miR-6752-5p",0,0,0,0,0,0,0,0,0
"hsa-miR-6753-3p",0,0,0,0,0,0,0,0,0
"hsa-miR-6753-5p",0,0,0,0,0,0,0,0,0
"hsa-miR-6754-3p",0,0,0,0,0,0,0,0,0
"hsa-miR-6754-5p",0,0,0,0,0,1,0,0,0
"hsa-miR-6755-3p",0,0,0,0,0,0,0,0,0
"hsa-miR-6755-5p",1,1,0,0,0,0,1,0,0
"hsa-miR-6756-3p",0,0,0,0,0,0,0,0,0
"hsa-miR-6756-5p",0,0,0,0,0,0,0,0,0
"hsa-miR-6757-3p",0,0,0,0,0,0,0,0,0
"hsa-miR-6757-5p",0,0,0,0,0,0,0,0,0
"hsa-miR-6758-3p",0,0,0,0,0,0,0,0,0
"hsa-miR-6758-5p",0,0,1,0,0,0,0,0,0
"hsa-miR-6759-3p",2,1,1,1,0,0,0,0,0
"hsa-miR-6759-5p",4,4,15,3,1,2,9,0,5
"hsa-miR-676-3p",0,0,0,0,0,0,0,0,0
"hsa-miR-676-5p",0,0,0,0,0,0,0,0,0
"hsa-miR-6760-3p",0,1,0,5,0,1,0,0,0
"hsa-miR-6760-5p",2,2,0,0,0,0,0,0,0
"hsa-miR-6761-3p",0,0,0,0,0,0,0,0,0
"hsa-miR-6761-5p",0,0,0,0,1,0,0,0,0
"hsa-miR-6762-3p",141,60,124,56,45,118,90,64,111
"hsa-miR-6762-5p",12,7,9,1,2,13,6,0,1
"hsa-miR-6763-3p",0,0,0,0,0,0,0,0,0
"hsa-miR-6763-5p",0,0,0,0,0,0,0,0,0
"hsa-miR-6764-3p",0,0,0,0,0,0,0,0,0
"hsa-miR-6764-5p",0,0,0,0,0,0,0,0,0
"hsa-miR-6765-3p",0,0,0,0,0,0,0,0,0
"hsa-miR-6765-5p",0,0,0,0,0,0,0,0,0
"hsa-miR-6766-3p",0,0,0,0,0,0,0,0,0
"hsa-miR-6766-5p",0,0,0,0,0,1,0,0,0
"hsa-miR-6767-3p",0,0,0,0,0,0,0,0,0
"hsa-miR-6767-5p",0,0,0,0,0,0,0,0,0
"hsa-miR-6768-3p",1,0,4,5,4,2,1,4,1
"hsa-miR-6768-5p",5,0,9,2,0,3,5,4,0
"hsa-miR-6769a-3p",0,0,0,1,1,4,2,0,1
"hsa-miR-6769a-5p",41,12,15,13,5,17,11,16,19
"hsa-miR-6769b-3p",0,0,0,0,0,0,0,0,0
"hsa-miR-6769b-5p",0,0,0,0,0,0,0,0,0
"hsa-miR-6770-3p",76,28,54,33,36,51,32,43,69
"hsa-miR-6770-5p",205,76,235,94,69,117,123,44,76
"hsa-miR-6771-3p",3,0,0,3,0,1,1,0,0
"hsa-miR-6771-5p",29,8,31,15,3,17,9,4,11
"hsa-miR-6772-3p",68,30,53,33,22,77,38,17,25
"hsa-miR-6772-5p",244,71,143,163,96,166,144,86,120
"hsa-miR-6773-3p",244,16,51,12,16,40,15,5,17
"hsa-miR-6773-5p",0,0,0,0,0,0,0,0,0
"hsa-miR-6774-3p",0,0,4,1,0,0,0,3,0
"hsa-miR-6774-5p",26,4,22,9,12,17,7,2,2
"hsa-miR-6775-3p",45,13,38,15,14,25,17,9,9
"hsa-miR-6775-5p",196,63,106,80,72,161,115,79,153
"hsa-miR-6776-3p",209,77,179,77,83,297,130,99,193
"hsa-miR-6776-5p",1553,136,465,58,141,363,82,48,177
"hsa-miR-6777-3p",0,0,0,0,0,0,0,0,0
"hsa-miR-6777-5p",0,0,0,0,0,0,0,1,0
"hsa-miR-6778-3p",0,0,0,0,0,0,0,0,0
"hsa-miR-6778-5p",0,0,0,1,0,0,0,0,0
"hsa-miR-6779-3p",0,0,0,0,0,0,0,0,0
"hsa-miR-6779-5p",0,0,0,0,0,0,0,0,0
"hsa-miR-6780a-3p",9,6,7,3,4,4,7,8,1
"hsa-miR-6780a-5p",54,23,41,19,20,29,19,26,33
"hsa-miR-6780b-3p",0,0,0,0,0,0,0,0,0
"hsa-miR-6780b-5p",0,0,0,0,0,0,0,0,0
"hsa-miR-6781-3p",0,0,0,0,0,0,0,0,0
"hsa-miR-6781-5p",118,37,64,56,35,35,76,16,46
"hsa-miR-6782-3p",0,0,0,0,0,0,0,0,0
"hsa-miR-6782-5p",0,0,0,0,0,0,0,0,0
"hsa-miR-6783-3p",208,68,149,87,72,185,101,89,159
"hsa-miR-6783-5p",24,4,16,14,9,17,9,8,11
"hsa-miR-6784-3p",14,9,5,11,6,8,16,5,15
"hsa-miR-6784-5p",114,40,108,53,33,46,63,19,33
"hsa-miR-6785-3p",0,0,0,0,0,0,0,0,0
"hsa-miR-6785-5p",0,0,0,0,0,0,0,0,0
"hsa-miR-6786-3p",0,0,0,0,0,0,0,0,0
"hsa-miR-6786-5p",0,0,0,0,0,0,0,0,0
"hsa-miR-6787-3p",0,0,0,0,0,0,0,0,0
"hsa-miR-6787-5p",0,0,0,0,0,0,0,0,0
"hsa-miR-6788-3p",0,0,0,0,0,0,0,0,0
"hsa-miR-6788-5p",0,0,0,0,0,0,0,0,0
"hsa-miR-6789-3p",0,1,0,0,0,2,1,0,0
"hsa-miR-6789-5p",1,2,0,0,2,0,0,0,0
"hsa-miR-6790-3p",0,0,0,0,0,0,0,0,0
"hsa-miR-6790-5p",1,0,0,0,0,0,0,0,0
"hsa-miR-6791-3p",0,0,0,0,0,0,0,0,0
"hsa-miR-6791-5p",0,0,0,0,0,0,0,0,0
"hsa-miR-6792-3p",41,16,20,32,8,36,37,23,17
"hsa-miR-6792-5p",168,46,84,51,53,133,80,66,112
"hsa-miR-6793-3p",0,0,0,0,0,0,0,0,0
"hsa-miR-6793-5p",0,0,0,1,0,0,0,0,0
"hsa-miR-6794-3p",135,53,139,77,52,55,93,26,54
"hsa-miR-6794-5p",39,16,23,5,12,16,14,18,19
"hsa-miR-6795-3p",0,0,0,0,0,0,0,0,0
"hsa-miR-6795-5p",0,0,0,0,0,0,0,0,0
"hsa-miR-6796-3p",1,0,1,2,0,1,1,0,0
"hsa-miR-6796-5p",0,0,0,0,0,0,0,0,0
"hsa-miR-6797-3p",0,0,0,0,0,0,0,0,0
"hsa-miR-6797-5p",0,0,0,0,0,0,0,0,0
"hsa-miR-6798-3p",52,30,58,18,24,48,41,29,60
"hsa-miR-6798-5p",1,0,0,0,0,0,0,0,0
"hsa-miR-6799-3p",1,0,0,0,0,0,0,0,0
"hsa-miR-6799-5p",1,0,2,1,0,3,0,0,0
"hsa-miR-6800-3p",0,0,0,0,0,0,0,0,0
"hsa-miR-6800-5p",0,0,0,0,0,0,0,0,0
"hsa-miR-6801-3p",0,0,0,0,0,0,0,0,0
"hsa-miR-6801-5p",70,22,40,23,13,38,35,16,30
"hsa-miR-6802-3p",0,0,0,0,0,0,0,0,0
"hsa-miR-6802-5p",0,0,0,0,0,0,0,0,0
"hsa-miR-6803-3p",0,0,0,0,0,0,0,0,3
"hsa-miR-6803-5p",0,0,0,0,0,0,0,0,0
"hsa-miR-6804-3p",3,1,0,0,0,4,2,0,1
"hsa-miR-6804-5p",0,0,0,0,0,0,0,0,0
"hsa-miR-6805-3p",5,3,2,2,7,6,11,1,6
"hsa-miR-6805-5p",19,7,5,8,9,8,5,2,6
"hsa-miR-6806-3p",0,0,0,0,0,0,0,0,0
"hsa-miR-6806-5p",0,0,0,0,0,0,0,0,0
"hsa-miR-6807-3p",0,0,0,0,0,0,0,0,0
"hsa-miR-6807-5p",0,0,0,0,0,0,0,0,0
"hsa-miR-6808-3p",138,61,157,63,64,179,90,43,68
"hsa-miR-6808-5p",27,11,22,16,14,31,24,14,15
"hsa-miR-6809-3p",0,0,0,0,0,0,0,0,0
"hsa-miR-6809-5p",0,0,0,0,0,0,0,0,0
"hsa-miR-6810-3p",0,0,0,0,0,0,0,0,0
"hsa-miR-6810-5p",0,0,0,0,0,0,0,0,0
"hsa-miR-6811-3p",0,0,0,0,0,0,0,0,0
"hsa-miR-6811-5p",0,0,0,0,0,0,0,0,0
"hsa-miR-6812-3p",0,0,0,0,0,0,0,0,0
"hsa-miR-6812-5p",0,0,0,0,0,0,0,0,0
"hsa-miR-6813-3p",0,0,0,0,0,0,0,0,0
"hsa-miR-6813-5p",0,0,0,0,0,0,0,0,0
"hsa-miR-6814-3p",5,5,7,3,1,7,3,1,1
"hsa-miR-6814-5p",0,0,0,1,0,0,0,0,0
"hsa-miR-6815-3p",0,0,0,0,0,0,0,0,0
"hsa-miR-6815-5p",0,0,0,0,0,0,0,0,0
"hsa-miR-6816-3p",0,0,0,0,0,0,1,0,0
"hsa-miR-6816-5p",98,8,23,0,10,17,3,1,9
"hsa-miR-6817-3p",0,0,0,0,0,0,0,0,0
"hsa-miR-6817-5p",0,0,0,0,0,0,0,0,0
"hsa-miR-6818-3p",0,0,0,0,0,1,0,0,0
"hsa-miR-6818-5p",0,0,0,0,0,0,0,0,0
"hsa-miR-6819-3p",0,0,0,0,0,0,0,0,0
"hsa-miR-6819-5p",0,0,0,0,0,0,0,0,0
"hsa-miR-6820-3p",0,0,0,0,0,0,0,0,0
"hsa-miR-6820-5p",0,0,0,0,0,0,0,0,0
"hsa-miR-6821-3p",2,0,0,0,0,0,0,0,0
"hsa-miR-6821-5p",0,2,0,0,0,0,0,0,0
"hsa-miR-6822-3p",0,0,0,0,0,0,0,0,0
"hsa-miR-6822-5p",0,0,0,0,0,0,0,0,0
"hsa-miR-6823-3p",0,0,0,0,0,0,0,0,0
"hsa-miR-6823-5p",0,0,0,0,0,0,0,0,0
"hsa-miR-6824-3p",0,0,0,0,0,1,0,0,0
"hsa-miR-6824-5p",0,0,0,0,0,0,0,0,0
"hsa-miR-6825-3p",0,0,0,0,0,0,0,0,0
"hsa-miR-6825-5p",0,0,0,0,0,0,0,0,0
"hsa-miR-6826-3p",0,0,0,0,0,0,0,0,0
"hsa-miR-6826-5p",0,0,0,0,0,0,0,0,0
"hsa-miR-6827-3p",0,0,0,0,0,0,0,0,0
"hsa-miR-6827-5p",0,0,0,0,0,0,1,0,0
"hsa-miR-6828-3p",0,0,0,0,0,0,0,0,0
"hsa-miR-6828-5p",0,0,0,0,0,0,0,0,0
"hsa-miR-6829-3p",98,33,37,43,35,37,52,12,29
"hsa-miR-6829-5p",8,3,1,0,0,4,3,0,2
"hsa-miR-6830-3p",0,0,0,1,0,0,0,0,0
"hsa-miR-6830-5p",414,43,108,25,47,93,34,19,55
"hsa-miR-6831-3p",0,0,0,0,0,0,0,0,0
"hsa-miR-6831-5p",0,0,0,0,0,0,0,0,0
"hsa-miR-6832-3p",0,0,0,0,0,0,0,0,0
"hsa-miR-6832-5p",0,0,0,0,0,0,0,0,0
"hsa-miR-6833-3p",0,0,0,0,0,0,0,0,0
"hsa-miR-6833-5p",0,0,0,0,0,0,0,2,0
"hsa-miR-6834-3p",1,0,0,1,0,0,0,0,0
"hsa-miR-6834-5p",0,0,0,0,0,0,0,0,0
"hsa-miR-6835-3p",228,105,159,84,69,156,149,99,164
"hsa-miR-6835-5p",3822,304,1375,164,346,896,200,142,428
"hsa-miR-6836-3p",0,0,0,0,0,0,0,0,0
"hsa-miR-6836-5p",0,0,0,0,0,0,0,0,0
"hsa-miR-6837-3p",0,0,0,0,0,0,0,0,0
"hsa-miR-6837-5p",0,0,0,0,0,0,0,0,0
"hsa-miR-6838-3p",17,15,49,12,15,21,18,10,7
"hsa-miR-6838-5p",30,21,40,19,9,29,28,21,37
"hsa-miR-6839-3p",434,44,124,29,58,95,49,28,55
"hsa-miR-6839-5p",41,11,63,17,25,27,32,23,31
"hsa-miR-6840-3p",1,4,10,4,3,3,3,3,3
"hsa-miR-6840-5p",227,71,93,96,56,135,94,56,117
"hsa-miR-6841-3p",0,0,0,0,0,1,0,0,0
"hsa-miR-6841-5p",1,0,0,0,0,1,0,0,0
"hsa-miR-6842-3p",0,0,0,0,0,0,0,0,0
"hsa-miR-6842-5p",0,0,0,0,0,0,0,0,0
"hsa-miR-6843-3p",0,0,0,0,0,0,0,0,0
"hsa-miR-6844",0,0,0,0,0,0,0,0,0
"hsa-miR-6845-3p",0,0,0,0,0,0,0,0,0
"hsa-miR-6845-5p",1,0,0,0,0,0,0,0,0
"hsa-miR-6846-3p",321,108,265,127,128,281,176,148,248
"hsa-miR-6846-5p",49,17,23,20,9,29,4,11,11
"hsa-miR-6847-3p",0,0,0,0,0,0,0,0,0
"hsa-miR-6847-5p",0,0,0,0,0,0,0,0,0
"hsa-miR-6848-3p",0,0,0,0,0,0,0,0,0
"hsa-miR-6848-5p",0,0,0,0,0,2,0,0,0
"hsa-miR-6849-3p",0,0,0,0,0,0,0,0,0
"hsa-miR-6849-5p",0,0,0,0,0,0,1,2,0
"hsa-miR-6850-3p",0,0,0,0,0,0,0,0,0
"hsa-miR-6850-5p",0,0,0,0,0,0,0,0,0
"hsa-miR-6851-3p",0,0,0,1,0,0,0,0,0
"hsa-miR-6851-5p",0,1,0,1,0,1,0,0,0
"hsa-miR-6852-3p",0,0,0,0,0,0,0,0,0
"hsa-miR-6852-5p",0,0,0,1,0,0,0,0,0
"hsa-miR-6853-3p",6,0,0,0,0,5,1,2,1
"hsa-miR-6853-5p",0,0,0,0,0,0,0,0,0
"hsa-miR-6854-3p",0,0,0,0,0,0,0,0,0
"hsa-miR-6854-5p",0,0,0,0,0,0,0,0,0
"hsa-miR-6855-3p",0,0,0,0,0,0,0,0,0
"hsa-miR-6855-5p",0,0,0,0,0,2,0,0,0
"hsa-miR-6856-3p",39,24,62,24,21,33,30,14,23
"hsa-miR-6856-5p",25,8,9,10,4,23,13,4,4
"hsa-miR-6857-3p",0,0,0,0,0,2,0,0,0
"hsa-miR-6857-5p",0,0,0,0,0,0,0,0,0
"hsa-miR-6858-3p",0,0,0,0,0,0,0,0,0
"hsa-miR-6858-5p",0,0,0,0,0,0,0,0,0
"hsa-miR-6859-3p",0,0,0,1,0,0,2,0,4
"hsa-miR-6859-5p",3,3,5,5,2,11,5,2,3
"hsa-miR-6860",0,0,0,0,0,0,0,0,0
"hsa-miR-6861-3p",16,8,21,8,10,15,16,0,17
"hsa-miR-6861-5p",2,0,0,5,1,7,0,0,0
"hsa-miR-6862-3p",37,14,26,11,10,58,24,26,33
"hsa-miR-6862-5p",50,23,115,48,39,34,55,37,44
"hsa-miR-6863",0,0,0,1,0,0,0,0,0
"hsa-miR-6864-3p",134,76,212,96,103,113,110,72,77
"hsa-miR-6864-5p",12,4,6,3,0,3,9,6,16
"hsa-miR-6865-3p",56,40,99,42,40,51,54,31,24
"hsa-miR-6865-5p",27,11,30,11,10,27,14,11,14
"hsa-miR-6866-3p",111,31,44,77,33,71,61,34,49
"hsa-miR-6866-5p",25,6,11,18,14,15,15,4,16
"hsa-miR-6867-3p",0,0,0,0,0,0,0,0,0
"hsa-miR-6867-5p",0,0,0,0,0,0,0,0,0
"hsa-miR-6868-3p",0,0,0,0,0,0,0,0,0
"hsa-miR-6868-5p",0,0,0,0,0,0,0,0,0
"hsa-miR-6869-3p",0,0,0,0,0,0,0,0,0
"hsa-miR-6869-5p",0,0,0,0,0,0,0,0,0
"hsa-miR-6870-3p",0,0,0,0,0,0,0,0,0
"hsa-miR-6870-5p",0,0,0,0,0,0,0,0,0
"hsa-miR-6871-3p",0,0,0,0,0,0,0,0,0
"hsa-miR-6871-5p",102,7,24,0,8,18,3,2,9
"hsa-miR-6872-3p",0,0,0,0,0,0,0,0,0
"hsa-miR-6872-5p",0,0,0,0,0,0,0,0,0
"hsa-miR-6873-3p",0,0,0,0,0,0,0,0,0
"hsa-miR-6873-5p",0,0,0,0,0,0,0,0,0
"hsa-miR-6874-3p",0,0,0,0,0,0,0,0,0
"hsa-miR-6874-5p",0,0,0,0,0,0,0,0,0
"hsa-miR-6875-3p",0,0,0,0,0,0,0,0,0
"hsa-miR-6875-5p",0,0,0,0,0,0,0,0,0
"hsa-miR-6876-3p",1,0,0,1,0,0,3,1,0
"hsa-miR-6876-5p",0,0,0,0,0,0,0,0,0
"hsa-miR-6877-3p",0,0,0,0,0,0,0,0,0
"hsa-miR-6877-5p",0,0,0,0,0,0,0,0,0
"hsa-miR-6878-3p",79,17,87,34,26,54,32,18,32
"hsa-miR-6878-5p",87,31,28,51,29,30,65,14,36
"hsa-miR-6879-3p",0,0,0,0,0,0,0,0,0
"hsa-miR-6879-5p",0,0,0,0,0,0,0,0,0
"hsa-miR-6880-3p",49,23,62,32,22,34,38,23,38
"hsa-miR-6880-5p",86,42,76,38,31,113,55,22,46
"hsa-miR-6881-3p",0,0,0,0,0,0,0,0,0
"hsa-miR-6881-5p",0,0,0,0,0,0,0,0,0
"hsa-miR-6882-3p",0,0,0,0,0,0,0,0,0
"hsa-miR-6882-5p",0,0,0,0,0,0,0,0,0
"hsa-miR-6883-3p",0,0,4,2,0,7,0,0,0
"hsa-miR-6883-5p",24,16,51,24,9,38,26,15,17
"hsa-miR-6884-3p",0,0,0,0,0,0,0,0,0
"hsa-miR-6884-5p",0,0,0,0,0,0,0,0,0
"hsa-miR-6885-3p",0,0,0,0,0,0,0,0,1
"hsa-miR-6885-5p",0,0,0,0,0,0,0,0,0
"hsa-miR-6886-3p",0,0,0,0,0,0,0,0,0
"hsa-miR-6886-5p",2223,176,692,95,202,511,134,77,269
"hsa-miR-6887-3p",0,0,0,0,0,0,0,0,0
"hsa-miR-6887-5p",0,0,1,0,0,0,0,0,0
"hsa-miR-6888-3p",0,0,0,1,0,1,0,0,0
"hsa-miR-6888-5p",1,1,0,4,0,1,0,0,0
"hsa-miR-6889-3p",2,2,1,4,1,9,1,0,2
"hsa-miR-6889-5p",0,0,0,0,0,0,0,0,0
"hsa-miR-6890-3p",22,9,29,13,8,12,19,9,10
"hsa-miR-6890-5p",71,53,109,41,45,113,70,52,51
"hsa-miR-6891-3p",0,0,0,0,0,0,0,0,0
"hsa-miR-6891-5p",0,0,0,0,0,0,0,0,0
"hsa-miR-6892-3p",0,0,0,0,0,0,0,0,0
"hsa-miR-6892-5p",0,0,0,0,0,0,0,0,0
"hsa-miR-6893-3p",200,87,128,54,57,145,112,72,153
"hsa-miR-6893-5p",9,6,6,3,1,9,5,0,2
"hsa-miR-6894-3p",0,0,0,0,0,0,0,0,0
"hsa-miR-6894-5p",0,0,0,0,0,0,0,0,0
"hsa-miR-6895-3p",0,0,0,0,0,0,0,0,0
"hsa-miR-6895-5p",0,0,0,0,0,0,0,0,0
"hsa-miR-7-1-3p",0,0,0,0,0,1,0,0,0
"hsa-miR-7-2-3p",0,0,0,0,0,0,0,0,0
"hsa-miR-7-5p",1288,645,506,604,328,1961,393,361,892
"hsa-miR-708-3p",1,0,0,0,0,0,0,0,0
"hsa-miR-708-5p",0,0,0,0,0,0,0,0,0
"hsa-miR-7106-3p",0,0,0,0,0,0,0,0,0
"hsa-miR-7106-5p",0,0,0,0,0,0,0,0,0
"hsa-miR-7107-3p",33,18,0,15,10,53,18,17,32
"hsa-miR-7107-5p",0,0,0,0,0,0,0,0,0
"hsa-miR-7108-3p",0,0,0,2,0,0,0,0,0
"hsa-miR-7108-5p",0,2,0,0,0,0,0,0,0
"hsa-miR-7109-3p",0,0,0,0,0,0,0,0,0
"hsa-miR-7109-5p",0,0,0,2,2,5,2,0,3
"hsa-miR-711",15,1,13,6,10,7,8,10,3
"hsa-miR-7110-3p",0,0,0,0,0,0,0,0,0
"hsa-miR-7110-5p",0,0,0,0,0,0,0,2,0
"hsa-miR-7111-3p",2,1,2,2,0,1,5,0,2
"hsa-miR-7111-5p",147,43,158,62,48,117,73,54,86
"hsa-miR-7112-3p",0,0,0,0,0,0,0,0,0
"hsa-miR-7112-5p",0,0,0,0,0,0,0,0,0
"hsa-miR-7113-3p",0,0,0,0,0,0,0,0,0
"hsa-miR-7113-5p",0,0,0,0,0,1,0,0,0
"hsa-miR-7114-3p",0,0,0,0,0,0,0,0,0
"hsa-miR-7114-5p",0,0,0,0,0,0,0,0,0
"hsa-miR-7150",0,0,0,0,0,0,0,0,0
"hsa-miR-7151-3p",17,9,28,19,11,12,6,3,6
"hsa-miR-7151-5p",117,47,82,46,28,117,61,23,42
"hsa-miR-7152-3p",0,0,0,0,0,0,0,0,0
"hsa-miR-7152-5p",0,0,0,0,0,0,0,0,0
"hsa-miR-7153-3p",0,0,0,0,0,0,0,0,0
"hsa-miR-7153-5p",0,0,0,0,0,0,0,0,0
"hsa-miR-7154-3p",0,0,0,0,0,0,0,0,0
"hsa-miR-7154-5p",0,0,0,0,0,0,0,0,0
"hsa-miR-7155-3p",0,0,0,0,0,0,0,0,0
"hsa-miR-7155-5p",0,1,0,0,0,0,0,0,0
"hsa-miR-7156-3p",0,0,0,0,0,0,0,0,0
"hsa-miR-7156-5p",0,0,0,0,0,0,0,0,0
"hsa-miR-7157-3p",0,0,0,0,0,0,0,0,0
"hsa-miR-7157-5p",0,0,0,0,0,0,0,0,0
"hsa-miR-7158-3p",0,0,0,0,0,0,0,0,0
"hsa-miR-7158-5p",0,0,0,0,0,0,0,0,0
"hsa-miR-7159-3p",0,0,0,0,0,0,0,0,0
"hsa-miR-7159-5p",0,0,0,0,0,0,0,0,0
"hsa-miR-7160-3p",0,0,0,0,0,0,0,0,0
"hsa-miR-7160-5p",0,0,0,0,0,0,0,0,0
"hsa-miR-7161-3p",0,0,0,0,0,0,0,0,0
"hsa-miR-7161-5p",0,0,0,0,0,0,0,0,0
"hsa-miR-7162-3p",0,0,0,0,0,0,0,0,0
"hsa-miR-7162-5p",0,0,0,0,0,0,0,0,0
"hsa-miR-718",0,0,0,0,0,0,0,0,0
"hsa-miR-744-3p",0,0,0,0,0,0,0,0,0
"hsa-miR-744-5p",0,0,0,0,0,0,0,0,0
"hsa-miR-7515",0,0,0,0,0,0,0,0,0
"hsa-miR-758-3p",0,0,0,0,0,0,0,0,0
"hsa-miR-758-5p",0,0,0,0,0,0,0,0,0
"hsa-miR-759",0,0,0,0,0,0,0,0,0
"hsa-miR-760",0,0,0,0,0,0,0,0,0
"hsa-miR-761",62,33,143,63,52,59,49,27,36
"hsa-miR-762",0,0,0,0,0,0,0,0,0
"hsa-miR-764",0,0,0,0,0,0,0,0,0
"hsa-miR-765",0,0,0,0,0,0,0,0,0
"hsa-miR-766-3p",0,0,0,0,0,0,0,0,0
"hsa-miR-766-5p",0,0,0,0,0,0,0,0,0
"hsa-miR-767-3p",1,0,0,0,0,0,0,0,0
"hsa-miR-767-5p",0,0,0,1,0,0,0,0,0
"hsa-miR-769-3p",139,38,83,32,43,130,70,63,83
"hsa-miR-769-5p",7,6,10,5,6,6,8,0,0
"hsa-miR-770-5p",0,0,0,0,0,0,0,0,0
"hsa-miR-7702",3,1,5,2,4,4,1,0,5
"hsa-miR-7703",0,0,0,0,0,0,0,0,0
"hsa-miR-7704",84,25,62,29,24,46,45,15,21
"hsa-miR-7705",0,1,0,0,0,2,0,0,0
"hsa-miR-7706",0,0,0,0,0,0,0,0,0
"hsa-miR-7843-3p",0,0,0,0,0,0,0,0,0
"hsa-miR-7843-5p",0,0,0,0,0,0,0,0,0
"hsa-miR-7844-5p",14,3,69,37,20,26,26,2,2
"hsa-miR-7845-5p",0,0,0,0,0,0,0,0,0
"hsa-miR-7846-3p",0,0,0,0,0,0,0,0,0
"hsa-miR-7847-3p",0,0,0,0,0,0,0,0,0
"hsa-miR-7848-3p",0,0,0,0,0,0,0,0,0
"hsa-miR-7849-3p",0,0,0,0,0,0,0,0,0
"hsa-miR-7850-5p",0,0,0,0,0,0,0,0,0
"hsa-miR-7851-3p",0,0,0,0,0,0,0,0,0
"hsa-miR-7852-3p",0,0,0,0,0,0,0,0,0
"hsa-miR-7853-5p",0,0,0,0,0,0,0,0,0
"hsa-miR-7854-3p",0,0,5,3,1,1,0,0,0
"hsa-miR-7855-5p",426,33,35,48,31,100,53,24,47
"hsa-miR-7856-5p",0,0,0,0,1,0,0,0,0
"hsa-miR-7973",0,1,0,0,0,1,0,0,0
"hsa-miR-7974",0,0,0,0,0,0,0,0,0
"hsa-miR-7975",0,0,0,1,0,0,0,0,0
"hsa-miR-7976",0,0,0,0,0,0,0,0,0
"hsa-miR-7977",0,0,2,0,0,0,0,0,0
"hsa-miR-7978",0,0,0,0,0,0,0,0,0
"hsa-miR-802",5907,495,2391,253,497,1538,292,220,652
"hsa-miR-8052",0,0,0,0,0,0,0,0,0
"hsa-miR-8053",0,0,0,0,0,0,0,0,0
"hsa-miR-8054",0,0,0,0,0,0,0,1,0
"hsa-miR-8055",552,312,289,125,88,439,199,68,128
"hsa-miR-8056",0,0,0,0,0,0,0,0,0
"hsa-miR-8057",0,0,0,0,0,0,0,0,0
"hsa-miR-8058",0,0,0,0,0,0,0,0,0
"hsa-miR-8059",0,0,0,0,0,0,0,0,0
"hsa-miR-8060",1,2,0,0,0,0,0,0,0
"hsa-miR-8061",1,0,0,0,0,0,0,0,0
"hsa-miR-8062",0,0,0,0,0,0,0,0,0
"hsa-miR-8063",0,0,0,1,0,0,0,0,0
"hsa-miR-8064",7,3,1,1,1,2,3,3,4
"hsa-miR-8065",1763,150,552,69,165,405,92,52,206
"hsa-miR-8066",0,0,0,0,0,0,0,0,0
"hsa-miR-8067",0,0,0,0,0,0,0,0,0
"hsa-miR-8068",115,39,58,58,34,44,69,16,40
"hsa-miR-8069",0,0,0,0,0,0,0,0,0
"hsa-miR-8070",0,0,0,0,0,0,0,0,0
"hsa-miR-8071",0,0,0,0,0,0,0,0,0
"hsa-miR-8072",0,0,0,0,0,0,0,0,0
"hsa-miR-8073",0,0,0,0,0,0,0,0,0
"hsa-miR-8074",2,0,1,1,0,0,0,0,0
"hsa-miR-8075",0,0,0,0,0,0,0,0,0
"hsa-miR-8076",0,1,0,0,0,2,0,0,0
"hsa-miR-8077",100,45,167,77,52,96,81,38,56
"hsa-miR-8078",0,0,0,0,0,0,0,0,0
"hsa-miR-8079",0,0,0,0,0,1,0,0,0
"hsa-miR-8080",0,0,0,0,0,0,0,0,0
"hsa-miR-8081",81,30,75,34,47,101,53,49,81
"hsa-miR-8082",0,0,0,0,0,0,0,0,0
"hsa-miR-8083",0,0,0,0,0,0,0,0,0
"hsa-miR-8084",0,0,0,0,0,0,0,0,0
"hsa-miR-8085",0,0,0,0,0,0,0,0,0
"hsa-miR-8086",0,0,0,0,0,0,0,0,0
"hsa-miR-8087",0,0,0,0,0,0,0,0,0
"hsa-miR-8088",54,24,70,12,19,76,16,7,15
"hsa-miR-8089",0,0,0,0,0,0,0,0,0
"hsa-miR-8485",0,0,0,0,0,0,0,0,0
"hsa-miR-873-3p",0,0,0,0,0,0,1,0,0
"hsa-miR-873-5p",0,0,0,0,0,0,0,0,0
"hsa-miR-874-3p",0,1,2,0,0,1,0,0,0
"hsa-miR-874-5p",0,0,0,0,0,0,0,0,0
"hsa-miR-875-3p",0,0,0,0,0,0,0,0,0
"hsa-miR-875-5p",0,0,0,0,0,0,0,0,0
"hsa-miR-876-3p",0,0,0,0,0,0,0,0,0
"hsa-miR-876-5p",1,0,0,0,0,0,0,0,0
"hsa-miR-877-3p",0,0,0,0,0,0,0,0,0
"hsa-miR-877-5p",0,0,0,0,0,0,0,0,0
"hsa-miR-885-3p",0,0,0,0,0,0,0,0,0
"hsa-miR-885-5p",0,0,0,0,0,0,0,0,0
"hsa-miR-887-3p",0,0,0,0,0,0,0,0,0
"hsa-miR-887-5p",0,0,0,0,0,0,0,0,0
"hsa-miR-888-3p",0,0,0,0,0,0,0,0,0
"hsa-miR-888-5p",0,0,0,0,0,0,0,0,0
"hsa-miR-889-3p",0,0,0,0,0,0,0,0,0
"hsa-miR-889-5p",0,0,0,0,0,0,0,0,0
"hsa-miR-890",0,0,0,0,0,0,0,0,0
"hsa-miR-891a-3p",0,0,0,0,0,0,0,0,0
"hsa-miR-891a-5p",0,0,1,0,0,0,0,0,0
"hsa-miR-891b",0,0,0,0,0,0,0,0,0
"hsa-miR-892a",0,0,0,0,0,0,0,2,0
"hsa-miR-892b",1,0,0,0,2,0,0,0,0
"hsa-miR-892c-3p",0,0,0,0,0,0,0,0,0
"hsa-miR-892c-5p",0,0,0,0,1,0,2,0,0
"hsa-miR-9-3p",1,0,1,1,0,3,2,1,1
"hsa-miR-9-5p",68,42,99,32,45,43,47,42,35
"hsa-miR-920",0,0,0,0,0,0,0,0,0
"hsa-miR-921",0,0,0,0,0,0,0,0,0
"hsa-miR-922",0,0,0,0,0,0,0,0,0
"hsa-miR-924",0,0,0,0,0,0,0,0,0
"hsa-miR-92a-1-5p",0,0,0,0,0,0,0,0,0
"hsa-miR-92a-2-5p",0,0,0,0,0,0,0,0,0
"hsa-miR-92a-3p",0,0,0,0,0,0,0,2,0
"hsa-miR-92b-3p",36,7,30,14,7,9,10,5,6
"hsa-miR-92b-5p",59,27,54,50,30,36,43,37,48
"hsa-miR-93-3p",0,0,0,0,0,0,0,0,0
"hsa-miR-93-5p",0,0,0,0,0,0,0,0,0
"hsa-miR-933",47,19,37,27,14,12,37,18,13
"hsa-miR-934",68,44,74,32,40,49,53,47,49
"hsa-miR-935",25,14,4,10,6,33,17,11,19
"hsa-miR-936",0,0,0,0,0,0,0,0,0
"hsa-miR-937-3p",0,0,0,2,0,0,0,0,0
"hsa-miR-937-5p",0,0,0,0,1,0,1,0,0
"hsa-miR-938",0,0,0,0,0,0,0,0,0
"hsa-miR-939-3p",0,0,0,0,0,0,0,0,0
"hsa-miR-939-5p",0,0,0,0,0,0,0,0,0
"hsa-miR-940",28,5,15,12,10,3,20,8,6
"hsa-miR-941",0,0,0,0,0,0,0,0,0
"hsa-miR-942-3p",1,0,0,0,0,0,0,0,0
"hsa-miR-942-5p",2,1,2,0,0,1,0,0,0
"hsa-miR-943",0,0,0,0,0,0,0,0,0
"hsa-miR-944",0,0,0,0,0,0,0,0,0
"hsa-miR-95-3p",66,33,32,22,25,45,20,31,27
"hsa-miR-95-5p",48,14,81,27,23,22,35,25,40
"hsa-miR-9500",0,0,0,0,0,0,0,0,0
"hsa-miR-96-3p",0,1,0,0,0,0,0,0,0
"hsa-miR-96-5p",0,0,0,0,1,0,0,0,0
"hsa-miR-9718",0,0,0,0,0,0,0,0,0
"hsa-miR-98-3p",0,0,0,0,0,0,3,0,0
"hsa-miR-98-5p",106,36,58,15,24,62,34,44,55
"hsa-miR-9851-3p",0,1,7,1,0,4,1,0,0
"hsa-miR-9851-5p",1,4,6,6,7,17,1,4,2
"hsa-miR-9898",0,0,0,0,0,0,0,0,0
"hsa-miR-9899",0,0,0,0,0,0,0,0,0
"hsa-miR-9900",0,0,0,0,0,0,0,0,0
"hsa-miR-9901",0,0,0,0,0,0,0,0,0
"hsa-miR-9902",32,10,13,24,13,12,38,4,17
"hsa-miR-9903",0,0,0,0,0,0,0,0,0
"hsa-miR-9983-3p",0,0,0,0,0,0,0,0,0
"hsa-miR-9985",0,0,0,0,0,0,0,0,0
"hsa-miR-9986",0,0,0,0,0,0,0,0,0
"hsa-miR-99a-3p",0,0,0,0,0,0,0,0,0
"hsa-miR-99a-5p",0,0,0,0,0,0,0,0,0
"hsa-miR-99b-3p",208,56,121,132,71,144,116,65,101
"hsa-miR-99b-5p",15,5,14,9,7,6,19,8,8
